Emo Choices,Emo Label,Cause Choices,Cause Label,Emo Res 1,Emo Pred 1,Cause Res 1,Cause Pred 1,Emo Res 2,Emo Pred 2,Cause Res 2,Cause Pred 2,Emo Res 3,Emo Pred 3,Cause Res 3,Cause Pred 3,Emo Res 4,Emo Pred 4,Cause Res 4,Cause Pred 4,Emo Res 5,Emo Pred 5,Cause Res 5,Cause Pred 5
"['失望', '自豪', '生气', '惊喜', '绝望', '尴尬']",3,"['巴克拉瓦并未被毁掉', '她的女儿刚刚回到家', '尽管她不喜欢自己做的千层酥，她还是对女儿很喜欢它很惊喜', '她认为她的巴克拉瓦非常完美']",2,"(a) 失望""}",0,"(d)""}",3,"(a) 失望""}",0,"(d)""}",3,"(a) 失望""}",0,"(d)""}",3,"(a) 失望""}",0,"(b) 她的女儿刚刚回到家""}",1,"(a) 失望""}",0,"(d)""}",3
"['绝望', '生气', '惊喜', '失望', '自豪', '尴尬']",2,"['他的妻子欣赏他的努力，即使发现了他的错误', '他的妻子欣赏他的努力，喜欢他的画', '他在画画时犯了错并且很在意', '他认为他花了一副完美的画']",1,"(e) 自豪""}",4,"(a)""}",0,"(e) 自豪""}",4,"(a)""}",0,"(e) 自豪""}",4,"(b)""}",1,"(e) 自豪""}",4,"(a) 他的妻子欣赏他的努力，即使发现了他的错误""}",0,"(e) 自豪""}",4,"(a)""}",0
"['气恼 & 伤心', '气恼 & 尴尬', '气恼 & 生气', '尴尬 & 生气', '感激 & 尴尬', '感激 & 开心']",5,"['他的老板出现并夸赞了他的作品', '没有同事前来', '他不喜欢自己的画', '他的同事不喜欢他的艺术作品']",0,"(f) 感激 & 开心""}",5,"(a)""}",0,"(f) 感激 & 开心""}",5,"(a)""}",0,"(f) 感激 & 开心""}",5,"(a) 他的老板出现并夸赞了他的作品""}",0,"(f) 感激 & 开心""}",5,"(a)""}",0,"(f) 感激 & 开心""}",5,"(a) 他的老板出现并夸赞了他的作品""}",0
"['反对', '尴尬', '紧张', '嫉妒', '愧疚', '惊喜']",5,"['他被评为前六名的艾伯特', '他的父亲准备给他买一台新的笔记本电脑', '他证明了他的父亲是对的', '虽然他最初对自己的失败感到失望，但是被取消资格的选手让他进入了前五，使他赢了赌注']",3,"(f)""}",5,"(d)""}",3,"(f) 惊喜""}",5,"(d)""}",3,"(f) 惊喜""}",5,"(d) 虽然他最初对自己的失败感到失望，但是被取消资格的选手让他进入了前五，使他赢了赌注""}",3,"(f)""}",5,"(d)""}",3,"(f) 惊喜""}",5,"(d)""}",3
"['释怀', '愧疚', '伤心', '生气', '绝望', '娱乐']",0,"['她终于满足了客户的期望', '客户在多次修改后接受了她的工作。', '她被她的老板表扬', '起初，她对自己的一天感到沮丧，但是她开始跳舞来减轻压力，并感到轻松释怀']",3,"(a) 释怀""}",0,"(d)""}",3,"(a) 释怀""}",0,"(d)""}",3,"(a) 释怀""}",0,"(d)""}",3,"(a) 释怀""}",0,"(d)""}",3,"(a) 释怀""}",0,"(d)""}",3
"['气恼', '紧张', '害怕', '娱乐', '无感', '反对']",3,"['他热爱交通', '他发现对他大喊大叫的人是他爸爸，是个惊喜', '他享受被称为糟糕的司机的感觉。', '他喜欢对抗']",1,"(a) 气恼""}",0,"(b) 他发现对他大喊大叫的人是他爸爸，是个惊喜""}",1,"(a) 气恼""}",0,"(b) 他发现对他大喊大叫的人是他爸爸，是个惊喜""}",1,"(b) 紧张""}",1,"(b) 他发现对他大喊大叫的人是他爸爸，是个惊喜""}",1,"(c) 害怕""}",2,"(b) 他发现对他大喊大叫的人是他爸爸，是个惊喜""}",1,"(b) 紧张""}",1,"(b)""}",1
"['紧张', '感激', '嫉妒', '失望', '气恼', '生气']",5,"['我的朋友没有提前告诉我关于派对的事情', '我总是被排除在派对之外', '我没有被邀请参加生日派对', '虽然我一开始只是恼火，但发现朋友在说我的坏话，我的恼火变成了生气']",3,"(f) 生气""}",5,"(d)""}",3,"(f) 生气""}",5,"(d)""}",3,"(f) 生气""}",5,"(d)""}",3,"(f) 生气""}",5,"(d)""}",3,"(f)""}",5,"(d)""}",3
"['充满希望', '尴尬', '害怕', '绝望', '感激', '反对']",0,"['他的老板赞扬了小尤的努力', '他的老板总是会批评小尤', '虽然这些严厉的评论让他感到伤心和失望，但他意识到他可以做得更好，并开始完善', '小尤喜欢向团队展示他的想法。']",2,"(e) 感激""}",4,"(c) 虽然这些严厉的评论让他感到伤心和失望，但他意识到他可以做得更好，并开始完善""}",2,"(a) 充满希望""}",0,"(c)""}",2,"(a) 充满希望""}",0,"(c)""}",2,"(e) 感激""}",4,"(c) 虽然这些严厉的评论让他感到伤心和失望，但他意识到他可以做得更好，并开始完善""}",2,"(e)""}",4,"(c)""}",2
"['嫉妒', '惊喜', '自豪', '伤心', '尴尬', '失望']",1,"['他的完美学业记录给他带来了很多满足感', '他的父母设法参加了他的庆祝活动和他哥哥的棒球比赛', '小利独自在舞台上，喜欢这种关注。', '他以为父母会忽视他时，他们却出现来支持他']",3,"(b) 惊喜""}",1,"(d)""}",3,"(b) 惊喜""}",1,"(d) 他以为父母会忽视他时，他们却出现来支持他""}",3,"(b) 惊喜""}",1,"(d) 他以为父母会忽视他时，他们却出现来支持他""}",3,"(b) 惊喜""}",1,"(d)""}",3,"(b) 惊喜""}",1,"(d)""}",3
"['期待', '悔恨', '失望', '生气', '悲观', '惊喜']",5,"['他最终可以拍下他一直寻找的鸟的照片了', '他只喜欢坐在外面', '他喜欢坐在树枝上。', '乔有一台新相机']",0,"(c) 失望""}",2,"(a)""}",0,"(b) 悔恨""}",1,"(a)""}",0,"(c) 失望""}",2,"(a)""}",0,"(c) 失望""}",2,"(a)""}",0,"(c) 失望""}",2,"(a)""}",0
"['反对', '释怀', '信任', '自豪', '伤心', '伤感']",1,"['小艾对她的画作存有疑虑', '小艾熬夜了', '虽然她认为她的画不够好，但是她的小弟弟的认可增强了她的信心，让她释怀', '小艾完成了她的画作']",2,"(b) 释怀""}",1,"(c) 虽然她认为她的画不够好，但是她的小弟弟的认可增强了她的信心，让她释怀""}",2,"(b) 释怀""}",1,"(c) 虽然她认为她的画不够好，但是她的小弟弟的认可增强了她的信心，让她释怀""}",2,"(b) 释怀""}",1,"(c) 虽然她认为她的画不够好，但是她的小弟弟的认可增强了她的信心，让她释怀""}",2,"(b) 释怀""}",1,"(c) 虽然她认为她的画不够好，但是她的小弟弟的认可增强了她的信心，让她释怀""}",2,"(b) 释怀""}",1,"(c) 虽然她认为她的画不够好，但是她的小弟弟的认可增强了她的信心，让她释怀""}",2
"['害怕', '失望', '反感', '爱护', '充满希望', '紧张']",3,"['小米对小狗没有攻击她感到感激', '现在小米对每只狗都感到同情。', '小米被迫照顾这只小狗', '虽然她最初害怕狗，但是照顾这只小狗让她关心和爱一只狗']",3,"(d) 爱护""}",3,"(d) 虽然她最初害怕狗，但是照顾这只小狗让她关心和爱一只狗""}",3,"(d) 爱护""}",3,"(d) 虽然她最初害怕狗，但是照顾这只小狗让她关心和爱一只狗""}",3,"(d) 爱护""}",3,"(d) 虽然她最初害怕狗，但是照顾这只小狗让她关心和爱一只狗""}",3,"(d) 爱护""}",3,"(d)""}",3,"(d) 爱护""}",3,"(d) 虽然她最初害怕狗，但是照顾这只小狗让她关心和爱一只狗""}",3
"['自豪', '期待', '释怀', '紧张', '愧疚', '娱乐']",2,"['她在大学中发现了一次病毒爆发', '她很担心这场考试，但是考试取消了', '由于她的社交生活，莉娜没有时间学习', '她对考试被取消感到不安']",1,"(c) 释怀""}",2,"(b) 她很担心这场考试，但是考试取消了""}",1,"(c) 释怀""}",2,"(b)""}",1,"(c) 释怀""}",2,"(b) 她很担心这场考试，但是考试取消了""}",1,"(c) 释怀""}",2,"(b)""}",1,"(c) 释怀""}",2,"(b)""}",1
"['失望', '生气', '感激', '尴尬', '钦佩', '悔恨']",4,"['他的约会对象因为在路上帮助别人才迟到了', '罗杰因为迟到而道歉', '罗杰在两小时后到达了约会地点', '罗杰被堵车困住了']",0,"(c) 感激""}",2,"(a)""}",0,"(c) 感激""}",2,"(a)""}",0,"(c) 感激""}",2,"(a)""}",0,"(c) 感激""}",2,"(a)""}",0,"(c) 感激""}",2,"(a)""}",0
"['好奇', '愧疚', '娱乐', '信任', '感激', '反对']",1,"['她觉得自己不应该答应和罗杰的约会', '她自己因为在路上停下来帮助一家人，结果迟到了', '杰西卡不得不把家人留在公路上来赴约', '她在考虑提前结束约会。']",1,"(b) 愧疚""}",1,"(b) 她自己因为在路上停下来帮助一家人，结果迟到了""}",1,"(b) 愧疚""}",1,"(b) 她自己因为在路上停下来帮助一家人，结果迟到了""}",1,"(b) 愧疚""}",1,"(b) 她自己因为在路上停下来帮助一家人，结果迟到了""}",1,"(b) 愧疚""}",1,"(b) 她自己因为在路上停下来帮助一家人，结果迟到了""}",1,"(b) 愧疚""}",1,"(b) 她自己因为在路上停下来帮助一家人，结果迟到了""}",1
"['钦佩 & 娱乐', '钦佩 & 不关心', '失望 & 钦佩', '自豪 & 不关心', '失望 & 娱乐', '自豪 & 悔恨']",2,"['我觉得不够优秀，不配得奖 & 我曾经期待詹姆斯庆祝他的胜利，但他的反应让我失望', '我对朋友赢得奖项而不是我感到不安 & 我欣赏我们的老板能做出公正的决定', '我觉得不够优秀，不配得奖 & 我把小詹当做我最好的朋友，相信他很努力才赢得了这个奖', '我曾经期待詹姆斯庆祝他的胜利，但他的反应让我失望 & 我坚信我们的老板在他的决定中存在偏见', '我把小詹当做我最好的朋友，相信他很努力才赢得了这个奖 & 我坚信我们的老板在他的决定中存在偏见', '我曾经期待詹姆斯庆祝他的胜利，但他的反应让我失望 & 我欣赏我们的老板能做出公正的决定']",2,"(c) 失望 & 钦佩""}",2,"(b) 我对朋友赢得奖项而不是我感到不安 & 我欣赏我们的老板能做出公正的决定""}",1,"(c) 失望 & 钦佩""}",2,"(c)""}",2,"(c) 失望 & 钦佩""}",2,"(c)""}",2,"(c) 失望 & 钦佩""}",2,"(b)""}",1,"(c) 失望 & 钦佩""}",2,"(c)""}",2
"['反对 & 尴尬', '自豪 & 尴尬', '伤心 & 尴尬', '自豪 & 生气', '伤心 & 自豪', '伤心 & 生气']",4,"['他为我失败感到难过 & 小詹知道老板偏爱他', '小詹预期在赢得奖项后会有一个盛大的庆祝活动 & 他不相信他应得该奖项', '他为我失败感到难过 & 他为这个奖很努力', '他为我失败感到难过 & 他不相信他应得该奖项', '他不相信他应得该奖项 & 小詹知道老板偏爱他', '他为我失败感到难过 & 小詹预期在赢得奖项后会有一个盛大的庆祝活动']",2,"(c) 伤心 & 尴尬""}",2,"(c)""}",2,"(c) 伤心 & 尴尬""}",2,"(c) 他为我失败感到难过 & 他为这个奖很努力""}",2,"(b) 自豪 & 尴尬""}",1,"(c) 他为我失败感到难过 & 他为这个奖很努力""}",2,"(b) 自豪 & 尴尬""}",1,"(c)""}",2,"(b) 自豪 & 尴尬""}",1,"(c) 他为我失败感到难过 & 他为这个奖很努力""}",2
"['尴尬 & 惊喜', '自豪 & 惊喜', '失望 & 自豪', '释怀 & 失望', '释怀 & 激动', '自豪 & 激动']",3,"['我为数学考试进行了深入的学习 & 我在考试时记不住所学的内容', '我为数学考试进行了深入的学习 & 我本来以为自己会不及格，但我还是通过了考试', '我为数学考试进行了深入的学习 & 我在考试前做了很多练习题', '我本来以为自己会不及格，但我还是通过了考试 & 我想在考试中做得更好', '我想在考试中做得更好 & 数学考试比我预期的要难。', '我本来以为自己会不及格，但我还是通过了考试 & 我在考试时记不住所学的内容']",3,"(a) 尴尬 & 惊喜""}",0,"(b) 我为数学考试进行了深入的学习 & 我本来以为自己会不及格，但我还是通过了考试""}",1,"(d) 释怀 & 失望""}",3,"(b) 我为数学考试进行了深入的学习 & 我本来以为自己会不及格，但我还是通过了考试""}",1,"(d) 释怀 & 失望""}",3,"(b) 我为数学考试进行了深入的学习 & 我本来以为自己会不及格，但我还是通过了考试""}",1,"(d) 释怀 & 失望""}",3,"(b) 我为数学考试进行了深入的学习 & 我本来以为自己会不及格，但我还是通过了考试""}",1,"(a) 尴尬 & 惊喜""}",0,"(b) 我为数学考试进行了深入的学习 & 我本来以为自己会不及格，但我还是通过了考试""}",1
"['自豪 & 尴尬 & 绝望', '激动 & 自豪 & 尴尬', '惊喜 & 尴尬 & 绝望', '激动 & 紧张 & 尴尬', '激动 & 惊喜 & 尴尬', '紧张 & 惊喜 & 尴尬']",4,"['她可以去听她一直想去的演唱会了 & 她害怕像演唱会这样的拥挤地方 & 她没有机会去参加演唱会', '小查可以一边喝咖啡一边听Taylor Swift的歌曲 & 她不知道演唱会在她最喜欢的城市举行 & 咖啡店的人们喜欢她的声音。', '尽管排队买票的人很多，她还是买到了票 & 她没有机会去参加演唱会 & 她不知道演唱会在她最喜欢的城市举行', '小查终于有机会和Taylor Swift交谈 & 所有人都希望她去看演唱会 & 她为了买票失去了所有的积蓄', '小查终于有机会和Taylor Swift交谈 & 她为了买票失去了所有的积蓄 & 她没有机会去参加演唱会', '她可以去听她一直想去的演唱会了 & 她在咖啡厅尖叫了 & 尽管排队买票的人很多，她还是买到了票']",5,"(b) 激动 & 自豪 & 尴尬""}",1,"(f)""}",5,"(b) 激动 & 自豪 & 尴尬""}",1,"(f)""}",5,"(b)""}",1,"(f)""}",5,"(b) 激动 & 自豪 & 尴尬""}",1,"(f)""}",5,"(b) 激动 & 自豪 & 尴尬""}",1,"(f)""}",5
"['激动 & 伤心 & 绝望', '伤心 & 绝望 & 气恼', '伤心 & 紧张 & 气恼', '伤心 & 紧张 & 尴尬', '伤心 & 绝望 & 尴尬', '激动 & 伤心 & 紧张']",5,"['她可能必须独自面对新的问题 & 她对打包感到兴奋 & 她不想离开那个娃娃', '她可以变得更加独立，体验新的生活 & 她第一次必须离开家人，她会想念她的父母 & 她可能必须独自面对新的问题', '她第一次必须离开家人，她会想念她的父母 & 她对打包感到兴奋 & 她认为如果她不离开，她会永远和父母在一起', '她认为如果她不离开，她会永远和父母在一起 & 她不想离开那个娃娃 & 她不认为上大学是正确的选择', '她可能必须独自面对新的问题 & 她希望尽快离开她的家庭 & 她认为如果她不离开，她会永远和父母在一起', '她期待着与娃娃玩耍 & 她认为如果她不离开，她会永远和父母在一起 & 她认为她的父母无法处理她的离开']",1,"(f) 激动 & 伤心 & 紧张""}",5,"(b)""}",1,"(f) 激动 & 伤心 & 紧张""}",5,"(b)""}",1,"(f) 激动 & 伤心 & 紧张""}",5,"(b)""}",1,"(f) 激动 & 伤心 & 紧张""}",5,"(b)""}",1,"(f) 激动 & 伤心 & 紧张""}",5,"(b)""}",1
"['失望 & 自豪 & 绝望', '失望 & 自豪 & 尴尬', '失望 & 释怀 & 绝望', '气恼 & 失望 & 自豪', '气恼 & 绝望 & 尴尬', '自豪 & 释怀 & 尴尬']",3,"['我被一些大学拒了，但是另外一所大学给了我全额奖学金 & 我被梦校拒绝了 & 我能进入一所给我全额奖学金的大学', '我被一些大学拒了，但是另外一所大学给了我全额奖学金 & 我收到了一所排名较低大学的录取通知 & 我收到了一封电子邮件而非电话', '我被梦校拒绝了 & 我申请了大量的大学 & 我比招生团队更优秀', '我同时收到了所有大学的决定信 & 我比招生团队更优秀 & 我被我梦想中的大学录取', '我被梦校拒绝了 & 我被我梦想中的大学录取 & 我有一份非常好的简历', '我被一些大学拒了，但是另外一所大学给了我全额奖学金 & 我并不想从其他大学收到录取通知 & 我有一份非常好的简历']",0,"(c) 失望 & 释怀 & 绝望""}",2,"(a)""}",0,"(c) 失望 & 释怀 & 绝望""}",2,"(a)""}",0,"(b) 失望 & 自豪 & 尴尬""}",1,"(a)""}",0,"(c) 失望 & 释怀 & 绝望""}",2,"(a)""}",0,"(c) 失望 & 释怀 & 绝望""}",2,"(a)""}",0
"['气恼 & 愧疚 & 紧张', '悔恨 & 自豪 & 紧张', '释怀 & 自豪 & 紧张', '悔恨 & 释怀 & 自豪', '悔恨 & 释怀 & 气恼', '悔恨 & 气恼 & 自豪']",4,"['我的朋友们也无法解决这个问题 & 我在考试期间浪费了时间 & 我没有准备得足够好。', '我有能力解这道题，但在考试的时候却没有想到 & 我想到了问题的答案 & 我在考试结束后才想到答案', '我在解决最后一个问题时遇到困难 & 我的朋友们也无法解决这个问题 & 我没有准备得足够好。', '我能提前完成考试 & 我对我的答案感到不确定 & 我没有准备得足够好。', '我想到了问题的答案 & 我在考试结束后才想到答案 & 我对我的答案感到不确定', '我在解决最后一个问题时遇到困难 & 我意识到我通过了考试 & 我的朋友们也无法解决这个问题']",1,"(c) 释怀 & 自豪 & 紧张""}",2,"(f)""}",5,"(d) 悔恨 & 释怀 & 自豪""}",3,"(b)""}",1,"(d) 悔恨 & 释怀 & 自豪""}",3,"(b)""}",1,"(b) 悔恨 & 自豪 & 紧张""}",1,"(b)""}",1,"(c) 释怀 & 自豪 & 紧张""}",2,"(b)""}",1
"['失望 & 悔恨', '尴尬 & 悔恨', '悔恨 & 绝望', '气恼 & 失望', '自豪 & 失望', '自豪 & 气恼']",5,"['因为他的队友什么都没做就得了最高分 & 他们没有做他想要做的项目', '他为这个项目做了所有的工作 & 小泰不喜欢团队作业', '因为他的队友什么都没做就得了最高分 & 他为这个项目做了所有的工作', '他的队友付出了大量的努力 & 他们没有做他想要做的项目', '因为他的小组被选为最佳项目 & 因为他的队友什么都没做就得了最高分', '因为他的队友什么都没做就得了最高分 & 小泰不喜欢团队作业']",4,"(f) 自豪 & 气恼""}",5,"(c)""}",2,"(f) 自豪 & 气恼""}",5,"(c) 因为他的队友什么都没做就得了最高分 & 他为这个项目做了所有的工作""}",2,"(f) 自豪 & 气恼""}",5,"(c) 因为他的队友什么都没做就得了最高分 & 他为这个项目做了所有的工作""}",2,"(f) 自豪 & 气恼""}",5,"(c) 因为他的队友什么都没做就得了最高分 & 他为这个项目做了所有的工作""}",2,"(e) 自豪 & 失望""}",4,"(c)""}",2
"['惊喜 & 充满希望', '伤心 & 充满希望', '惊喜 & 自豪', '伤心 & 自豪', '失望 & 惊喜', '失望 & 紧张']",4,"['她受到了偶像的赞扬 & 她从比赛中赚了很多钱', '尽管她努力了，但是还是没有赢得比赛 & 评审们不喜欢她的烘焙风格', '她在最后一轮无法使用她最喜欢的食材 & 她发现了一种新的烘焙技术', '尽管她努力了，但是还是没有赢得比赛 & 她受到了偶像的赞扬', '她受到了偶像的赞扬 & 她发现了一种新的烘焙技术', '她发现了一种新的烘焙技术 & 她从比赛中赚了很多钱']",3,"(c) 惊喜 & 自豪""}",2,"(d) 尽管她努力了，但是还是没有赢得比赛 & 她受到了偶像的赞扬""}",3,"(b) 伤心 & 充满希望""}",1,"(d) 尽管她努力了，但是还是没有赢得比赛 & 她受到了偶像的赞扬""}",3,"(b) 伤心 & 充满希望""}",1,"(d) 尽管她努力了，但是还是没有赢得比赛 & 她受到了偶像的赞扬""}",3,"(b) 伤心 & 充满希望""}",1,"(d) 尽管她努力了，但是还是没有赢得比赛 & 她受到了偶像的赞扬""}",3,"(b) 伤心 & 充满希望""}",1,"(d)""}",3
"['伤心 & 娱乐', '绝望 & 反感', '绝望 & 娱乐', '伤心 & 绝望', '爱护 & 伤心', '尴尬 & 绝望']",4,"['他向慈善机构捐赠了极少的金额 & 他找到了他梦想中的汽车的更便宜的二手版本', '他不顾自己买车的梦想，帮助了那个无家可归者 & 这个无家可归的男人给他买了一辆汽车', '他找到了他梦想中的汽车的更便宜的二手版本 & 这个无家可归的男人给他买了一辆汽车', '他不顾自己买车的梦想，帮助了那个无家可归者 & 给那个无家可归者一部分积蓄意味着他没办法买他梦寐以求的车了', '他向慈善机构捐赠了极少的金额 & 他在电视上看到了一则令人痛心的新闻故事', '他向慈善机构捐赠了极少的金额 & 这个无家可归的男人想从他那里得到更多的钱']",3,"(e) 爱护 & 伤心""}",4,"(d) 他不顾自己买车的梦想，帮助了那个无家可归者 & 给那个无家可归者一部分积蓄意味着他没办法买他梦寐以求的车了""}",3,"(e) 爱护 & 伤心""}",4,"(d)""}",3,"(e) 爱护 & 伤心""}",4,"(d) 他不顾自己买车的梦想，帮助了那个无家可归者 & 给那个无家可归者一部分积蓄意味着他没办法买他梦寐以求的车了""}",3,"(e) 爱护 & 伤心""}",4,"(d)""}",3,"(e) 爱护 & 伤心""}",4,"(d) 他不顾自己买车的梦想，帮助了那个无家可归者 & 给那个无家可归者一部分积蓄意味着他没办法买他梦寐以求的车了""}",3
"['紧张 & 愧疚', '自豪 & 伤感', '自豪 & 绝望', '绝望 & 伤感', '伤感 & 愧疚', '感激 & 紧张']",2,"['他是团队中最好的球员 & 他在比赛中不能再进球', '虽然他受伤了，但他还是完成了比赛 & 他的球队在没有他的情况下赢得了冠军', '他在受伤的情况下帮助他的球队取得了胜利 & 他的球队在没有他的情况下赢得了冠军', '他在一段时间内不能追求热爱的足球运动了 & 他是团队中最好的球员', '他在受伤的情况下帮助他的球队取得了胜利 & 他在比赛中不能再进球', '他在受伤的情况下帮助他的球队取得了胜利 & 他在一段时间内不能追求热爱的足球运动了']",5,"(b) 自豪 & 伤感""}",1,"(f) 他在受伤的情况下帮助他的球队取得了胜利 & 他在一段时间内不能追求热爱的足球运动了""}",5,"(b) 自豪 & 伤感""}",1,"(f) 他在受伤的情况下帮助他的球队取得了胜利 & 他在一段时间内不能追求热爱的足球运动了""}",5,"(b) 自豪 & 伤感""}",1,"(f) 他在受伤的情况下帮助他的球队取得了胜利 & 他在一段时间内不能追求热爱的足球运动了""}",5,"(b) 自豪 & 伤感""}",1,"(c) 他在受伤的情况下帮助他的球队取得了胜利 & 他的球队在没有他的情况下赢得了冠军""}",2,"(b) 自豪 & 伤感""}",1,"(f)""}",5
"['反对 & 紧张', '气恼 & 生气', '爱护 & 紧张', '气恼 & 愧疚', '爱护 & 反对', '爱护 & 气恼']",5,"['她觉得她的个人空间被侵犯了 & 她不希望幼儿更喜欢她的丈夫，而不是劳拉。', '她的丈夫在房间里搞得一团糟，她发现他们的幼儿和他一起睡觉很惹人喜爱 & 她得到了出去，从幼儿职责中得到了休息', '看到丈夫和孩子亲密无间地睡在一起，让她感到温暖 & 她丈夫把房间弄得一团糟', '看到丈夫和孩子亲密无间地睡在一起，让她感到温暖 & 她觉得她的个人空间被侵犯了', '看到丈夫和孩子亲密无间地睡在一起，让她感到温暖 & 她的丈夫在房间里搞得一团糟，她发现他们的幼儿和他一起睡觉很惹人喜爱', '她丈夫把房间弄得一团糟 & 她的丈夫在房间里搞得一团糟，她发现他们的幼儿和他一起睡觉很惹人喜爱']",2,"(d) 气恼 & 愧疚""}",3,"(d) 看到丈夫和孩子亲密无间地睡在一起，让她感到温暖 & 她觉得她的个人空间被侵犯了""}",3,"(d) 气恼 & 愧疚""}",3,"(d)""}",3,"(b) 气恼 & 生气""}",1,"(d)""}",3,"(b) 气恼 & 生气""}",1,"(d)""}",3,"(d) 气恼 & 愧疚""}",3,"(d) 看到丈夫和孩子亲密无间地睡在一起，让她感到温暖 & 她觉得她的个人空间被侵犯了""}",3
"['感激 & 愧疚', '反对 & 绝望', '感激 & 绝望', '生气 & 反对', '生气 & 感激', '反对 & 愧疚']",0,"['孩子们道了歉，并提出要换掉那些植物 & 她没有为孩子们买足球。', '她不喜欢足球 & 她没有为孩子们买足球。', '小莎喜欢浇她的菜园 & 她没有为孩子们买足球。', '她很感激孩子们尊重她的个人空间 & 孩子们要求归还他们的球', '孩子们道了歉，并提出要换掉那些植物 & 孩子们停止了玩耍', '孩子们道了歉，并提出要换掉那些植物 & 她把孩子们的足球毁坏了']",5,"(e) 生气 & 感激""}",4,"(f) 孩子们道了歉，并提出要换掉那些植物 & 她把孩子们的足球毁坏了""}",5,"(a) 感激 & 愧疚""}",0,"(f)""}",5,"(a) 感激 & 愧疚""}",0,"(f)""}",5,"(e) 生气 & 感激""}",4,"(f)""}",5,"(e) 生气 & 感激""}",4,"(f)""}",5
"['失望 & 生气', '生气 & 没意识的', '失望 & 害怕', '没意识的 & 自豪', '尴尬 & 没意识的', '失望 & 没意识的']",4,"['他们不小心毁了小莎的植物 & 他们不知道小莎毁坏了他们的球', '他们不喜欢请求自己的东西 & 他们没有意识到小莎在家', '他们感到尴尬，因为他们不知道如何照顾植物 & 他们没有注意到他们对花园造成的破坏', '那天他们踢足球表现不佳 & 他们没有意识到小莎在家', '他们不知道小莎毁坏了他们的球 & 他们没有意识到他们的朋友带来了新的植物', '他们不喜欢请求自己的东西 & 那天他们踢足球表现不佳']",0,"(a) 失望 & 生气""}",0,"(a)""}",0,"(f) 失望 & 没意识的""}",5,"(a)""}",0,"(f) 失望 & 没意识的""}",5,"(a)""}",0,"(f) 失望 & 没意识的""}",5,"(a)""}",0,"(a) 失望 & 生气""}",0,"(a)""}",0
"['惊喜', '反对', '伤心', '开心', '感激', '尴尬']",2,"['他被他的老板大声训斥', '他过了艰难的一天，没一件事是顺心的', '小盖早早就起床去上班', '他的冰淇淋掉到了地上']",1,"(d) 开心""}",3,"(d) 他的冰淇淋掉到了地上""}",3,"(d) 开心""}",3,"(d) 他的冰淇淋掉到了地上""}",3,"(d) 开心""}",3,"(d)""}",3,"(a) 惊喜""}",0,"(d) 他的冰淇淋掉到了地上""}",3,"(d) 开心""}",3,"(d) 他的冰淇淋掉到了地上""}",3
"['反对', '期待', '生气', '惊喜', '伤心', '绝望']",3,"['小琦没有出席小蕾的毕业典礼', '小蕾从大学毕业', '小蕾没有期待能从大学毕业', '小蕾没想到小琦会参加她的毕业典礼']",3,"(d) 惊喜""}",3,"(d)""}",3,"(d) 惊喜""}",3,"(d)""}",3,"(d) 惊喜""}",3,"(d)""}",3,"(d) 惊喜""}",3,"(d)""}",3,"(d) 惊喜""}",3,"(d)""}",3
"['自豪', '愧疚', '失望', '无感', '尴尬', '爱护']",5,"['她因为告诉小蕾她不能来而感到内疚', '她感到被忽视，想要引起关注', '她为她朋友毕业而高兴并想要支持她', '她也希望能毕业']",2,"(a) 自豪""}",0,"(c)""}",2,"(a) 自豪""}",0,"(c)""}",2,"(a) 自豪""}",0,"(c)""}",2,"(a) 自豪""}",0,"(c)""}",2,"(a) 自豪""}",0,"(c)""}",2
"['自豪', '惊喜', '生气', '紧张', '绝望', '感激']",3,"['她不知道考试的答案', '小丽担心如果同学们发现她是唯一一个及格的人，他们会更讨厌她', '小丽无意中撕破了她的试卷', '她没有为考试做准备']",1,"(d) 紧张""}",3,"(b) 小丽担心如果同学们发现她是唯一一个及格的人，他们会更讨厌她""}",1,"(d) 紧张""}",3,"(b)""}",1,"(d) 紧张""}",3,"(b)""}",1,"(d) 紧张""}",3,"(b)""}",1,"(d) 紧张""}",3,"(b)""}",1
"['没意识的', '生气', '反对', '紧张', '惊讶', '气恼']",0,"['他们认为小丽也像他们一样未能通过考试', '他们不知道小丽是唯一一个及格的人', '他们认为所有人都没通过考试', '他们不知道这次化学考试有多么困难']",1,"(e) 惊讶""}",4,"(b) 他们不知道小丽是唯一一个及格的人""}",1,"(e) 惊讶""}",4,"(b)""}",1,"(e) 惊讶""}",4,"(b) 他们不知道小丽是唯一一个及格的人""}",1,"(e)""}",4,"(b) 他们不知道小丽是唯一一个及格的人""}",1,"(e)""}",4,"(b)""}",1
"['尴尬', '愧疚', '惊讶', '反感', '包容', '生气']",4,"['她知道她女儿可能对弄坏音乐盒感到愧疚，不想让她感觉不好', '她接受了她需要因为过去的错误责备阿达的事实', '她很高兴音乐盒坏了，这样她可以给阿达买一个新礼物', '她发现这个事件很有趣，因为她记得自己小时候的恶作剧']",0,"(e) 包容""}",4,"(a)""}",0,"(e) 包容""}",4,"(a)""}",0,"(e) 包容""}",4,"(a)""}",0,"(e) 包容""}",4,"(a)""}",0,"(e) 包容""}",4,"(a)""}",0
"['愧疚 & 伤心 & 释怀', '伤心 & 释怀 & 生气', '愧疚 & 释怀 & 开心', '伤心 & 释怀 & 开心', '伤心 & 释怀 & 伤感', '愧疚 & 开心 & 伤感']",0,"['她把弄坏的音乐盒藏了起来，不让妈妈看到 & 阿达打碎了一件贵重的物品 & 阿达下次可以得到一个更好的礼物', '阿达的妈妈不得不花钱修理这个盒子 & 阿达再也没有音乐可以听了 & 阿达下次可以得到一个更好的礼物', '她把弄坏的音乐盒藏了起来，不让妈妈看到 & 她弄坏了妈妈给她的生日礼物音乐盒 & 妈妈没有因为她弄坏音乐盒而惩罚她，这让她松了一口气', '她把弄坏的音乐盒藏了起来，不让妈妈看到 & 阿达打碎了她妈妈最喜欢的音乐盒 & 阿达并没有破坏她妈妈的礼物', '妈妈没有因为她弄坏音乐盒而惩罚她，这让她松了一口气 & 阿达的妈妈对她感到失望 & 阿达丢失了她最喜欢的音乐盒', '阿达的妈妈不得不花钱修理这个盒子 & 阿达的妈妈对她感到失望 & 阿达并没有破坏她妈妈的礼物']",2,"(d) 伤心 & 释怀 & 开心""}",3,"(c)""}",2,"(d) 伤心 & 释怀 & 开心""}",3,"(c)""}",2,"(d) 伤心 & 释怀 & 开心""}",3,"(c)""}",2,"(d) 伤心 & 释怀 & 开心""}",3,"(c)""}",2,"(d) 伤心 & 释怀 & 开心""}",3,"(c)""}",2
"['嫉妒 & 感激', '嫉妒 & 期待', '期待 & 感激', '失望 & 期待', '激动 & 期待', '失望 & 嫉妒']",5,"['莉丝没有准备好她的告白 & 她希望达蒙能自白', '莉丝没有准备好她的告白 & 达蒙没有提前告诉她他的关系', '她发现她喜欢的人正在和另一个人交往 & 达蒙不再是她的朋友', '莉丝没有准备好她的告白 & 她认为其他女孩的告白更好', '她发现她喜欢的人正在和另一个人交往 & 她希望达蒙能自白', '她向朋友表白却被拒绝了 & 她发现她喜欢的人正在和另一个人交往']",5,"(f) 失望 & 嫉妒""}",5,"(e) 她发现她喜欢的人正在和另一个人交往 & 她希望达蒙能自白""}",4,"(f) 失望 & 嫉妒""}",5,"(e) 她发现她喜欢的人正在和另一个人交往 & 她希望达蒙能自白""}",4,"(d) 失望 & 期待""}",3,"(e) 她发现她喜欢的人正在和另一个人交往 & 她希望达蒙能自白""}",4,"(f) 失望 & 嫉妒""}",5,"(b) 莉丝没有准备好她的告白 & 达蒙没有提前告诉她他的关系""}",1,"(f) 失望 & 嫉妒""}",5,"(b) 莉丝没有准备好她的告白 & 达蒙没有提前告诉她他的关系""}",1
"['惊讶 & 愧疚', '惊讶 & 自豪', '愧疚 & 自豪', '愧疚 & 反对', '反对 & 自豪', '反对 & 生气']",0,"['他以为艾莉丝即将宣布她的订婚 & 艾丽斯与他的女朋友是好朋友', '他不得不拒绝朋友的告白, 因为他已经有了一个恋爱关系 & 他希望他没有告诉艾丽斯他的另一段恋情', '艾丽斯与他的女朋友是好朋友 & 他希望他能是第一个表白的人', '他发现他的朋友对他产生了感情 & 他不得不拒绝朋友的告白, 因为他已经有了一个恋爱关系', '他不得不拒绝朋友的告白, 因为他已经有了一个恋爱关系 & 他希望他能是第一个表白的人', '艾丽斯记得他的生日 & 他希望他没有告诉艾丽斯他的另一段恋情']",3,"(a) 惊讶 & 愧疚""}",0,"(b) 他不得不拒绝朋友的告白, 因为他已经有了一个恋爱关系 & 他希望他没有告诉艾丽斯他的另一段恋情""}",1,"(a) 惊讶 & 愧疚""}",0,"(d) 他发现他的朋友对他产生了感情 & 他不得不拒绝朋友的告白, 因为他已经有了一个恋爱关系""}",3,"(a) 惊讶 & 愧疚""}",0,"(d) 他发现他的朋友对他产生了感情 & 他不得不拒绝朋友的告白, 因为他已经有了一个恋爱关系""}",3,"(a) 惊讶 & 愧疚""}",0,"(b)""}",1,"(a) 惊讶 & 愧疚""}",0,"(b) 他不得不拒绝朋友的告白, 因为他已经有了一个恋爱关系 & 他希望他没有告诉艾丽斯他的另一段恋情""}",1
"['嫉妒', '感激', '愧疚', '自豪', '钦佩', '绝望']",3,"['安娜在网上的争论中取得了胜利', '赢得摄影比赛让安娜感到自豪', '安娜终于拍下了她喜欢的照片', '安娜收到了她的姐姐的好评']",1,"(d) 自豪""}",3,"(b) 赢得摄影比赛让安娜感到自豪""}",1,"(d) 自豪""}",3,"(b) 赢得摄影比赛让安娜感到自豪""}",1,"(d) 自豪""}",3,"(b) 赢得摄影比赛让安娜感到自豪""}",1,"(d) 自豪""}",3,"(b) 赢得摄影比赛让安娜感到自豪""}",1,"(d) 自豪""}",3,"(b) 赢得摄影比赛让安娜感到自豪""}",1
"['爱护', '反对', '期待', '悔恨', '激动', '钦佩']",1,"['裁判们不理解创新', '伊莉无法相信她经常批评的姐姐会成功', '伊莉没有参加足够的课程', '她认为她产生的艺术品质量差']",1,"(d) 悔恨""}",3,"(b) 伊莉无法相信她经常批评的姐姐会成功""}",1,"(d) 悔恨""}",3,"(b) 伊莉无法相信她经常批评的姐姐会成功""}",1,"(f) 钦佩""}",5,"(b) 伊莉无法相信她经常批评的姐姐会成功""}",1,"(d) 悔恨""}",3,"(b) 伊莉无法相信她经常批评的姐姐会成功""}",1,"(d) 悔恨""}",3,"(b) 伊莉无法相信她经常批评的姐姐会成功""}",1
"['伤感', '尴尬', '感激', '愧疚', '激动', '反对']",4,"['她终于买到了梦寐以求的汽车', '她终于存够了钱去享受一次豪华的假期', '她成功帮助了她的兄弟，比尔，摆脱了财务困境', '她有机会为自己和她的兄弟买下了梦想中的汽车']",0,"(e) 激动""}",4,"(a)""}",0,"(e) 激动""}",4,"(a)""}",0,"(d) 愧疚""}",3,"(c)""}",2,"(d) 愧疚""}",3,"(d)""}",3,"(d) 愧疚""}",3,"(d)""}",3
"['绝望', '激动', '悔恨', '伤心', '失望', '愧疚']",3,"['他工作比爱丽丝更努力', '爱丽丝没有邀请他搭乘她的新车', '他不喜欢爱丽丝的新车', '由于财务困境，比尔不得不卖掉自己的车']",3,"(b) 激动""}",1,"(d) 由于财务困境，比尔不得不卖掉自己的车""}",3,"(b) 激动""}",1,"(d) 由于财务困境，比尔不得不卖掉自己的车""}",3,"(b) 激动""}",1,"(d)""}",3,"(b) 激动""}",1,"(d) 由于财务困境，比尔不得不卖掉自己的车""}",3,"(b) 激动""}",1,"(d)""}",3
"['爱护', '嫉妒', '感激', '厌恶', '娱乐', '伤感']",3,"['她不喜欢其他父母.', '她的母亲与他人公开讨论佳恩的成绩', '她的母亲只关注佳恩的成就', '因为她的母亲总是批评她，而在别人面前又表扬她']",3,"(d) 厌恶""}",3,"(d) 因为她的母亲总是批评她，而在别人面前又表扬她""}",3,"(d) 厌恶""}",3,"(d) 因为她的母亲总是批评她，而在别人面前又表扬她""}",3,"(d) 厌恶""}",3,"(d)""}",3,"(d) 厌恶""}",3,"(d) 因为她的母亲总是批评她，而在别人面前又表扬她""}",3,"(d) 厌恶""}",3,"(d)""}",3
"['紧张', '嫉妒', '反感', '钦佩', '失望', '生气']",3,"['因为她为女儿的成就感到骄傲', '她在育儿风格上超越了其他父母', '她比她的女儿更好', '她想在其他父母面前炫耀她的技巧']",0,"(e) 失望""}",4,"(d) 她想在其他父母面前炫耀她的技巧""}",3,"(e) 失望""}",4,"(d) 她想在其他父母面前炫耀她的技巧""}",3,"(e) 失望""}",4,"(b) 她在育儿风格上超越了其他父母""}",1,"(e) 失望""}",4,"(b) 她在育儿风格上超越了其他父母""}",1,"(c) 反感""}",2,"(c) 她比她的女儿更好""}",2
"['爱护 & 愧疚', '愧疚 & 绝望', '伤感 & 绝望', '爱护 & 伤感', '愧疚 & 生气', '伤感 & 愧疚']",3,"['他和小菲很亲近，也很爱她 & 今天通常是他买花给小菲表达他的爱的日子', '安吉爱上了他 & 他记得他童年的花朵', '今天通常是他买花给小菲表达他的爱的日子 & 他记得他童年的花朵', '他对于和安吉关系不好感到高兴 & 安吉爱上了他', '今天通常是他买花给小菲表达他的爱的日子 & 他看到了安吉最喜欢的花', '今天通常是他买花给小菲表达他的爱的日子 & 安吉爱上了他']",0,"(b) 愧疚 & 绝望""}",1,"(a)""}",0,"(d) 爱护 & 伤感""}",3,"(a)""}",0,"(a) 爱护 & 愧疚""}",0,"(a) 他和小菲很亲近，也很爱她 & 今天通常是他买花给小菲表达他的爱的日子""}",0,"(d) 爱护 & 伤感""}",3,"(a)""}",0,"(a) 爱护 & 愧疚""}",0,"(a)""}",0
"['激动 & 紧张', '紧张 & 绝望', '失望 & 激动', '激动 & 嫉妒', '失望 & 自豪', '失望 & 紧张']",4,"['她没有通过考试 & 她没有为考试做足够的准备', '她没有通过考试 & 她成功回答了难题', '和她的对手不同，她通过了考试 & 她在班上得到了最高的分数。', '她发现小白在考试中作弊 & 她成功回答了难题', '她没有通过考试 & 她的分数比她的竞争对手高', '她没有为考试做足够的准备 & 她发现小白在考试中作弊']",4,"(c) 失望 & 激动""}",2,"(e) 她没有通过考试 & 她的分数比她的竞争对手高""}",4,"(e) 失望 & 自豪""}",4,"(e)""}",4,"(c) 失望 & 激动""}",2,"答案: (e)""}",4,"(c) 失望 & 激动""}",2,"(e)""}",4,"(c) 失望 & 激动""}",2,"(e)""}",4
"['失望 & 嫉妒', '嫉妒 & 绝望', '自豪 & 紧张', '激动 & 嫉妒', '激动 & 绝望', '自豪 & 激动']",0,"['她的竞争对手的分数比她高 & 对她来说，这个测试太简单了', '她没有通过考试 & 她对这次的测试准备得不够充分', '她没有通过考试 & 对她来说，这个测试太简单了', '她没有通过考试 & 她的竞争对手的分数比她高', '她的竞争对手的分数比她高 & 她预料小白会失败', '她的竞争对手的分数比她高 & 老师对小白有偏见']",3,"(a) 失望 & 嫉妒""}",0,"(d) 她没有通过考试 & 她的竞争对手的分数比她高""}",3,"(a) 失望 & 嫉妒""}",0,"(d) 她没有通过考试 & 她的竞争对手的分数比她高""}",3,"(a) 失望 & 嫉妒""}",0,"(d) 她没有通过考试 & 她的竞争对手的分数比她高""}",3,"(a) 失望 & 嫉妒""}",0,"(d) 她没有通过考试 & 她的竞争对手的分数比她高""}",3,"(a) 失望 & 嫉妒""}",0,"(d) 她没有通过考试 & 她的竞争对手的分数比她高""}",3
"['尴尬', '惊喜', '失望', '紧张', '自豪', '愧疚']",1,"['他想和他的女朋友结婚', '安德烈已经能够处理他的医院紧急情况', '他突然接到朋友的电话，让他好好享受这个夜晚', '他的老板允许他休息一天']",2,"(c) 失望""}",2,"(c) 他突然接到朋友的电话，让他好好享受这个夜晚""}",2,"(c) 失望""}",2,"(c) 他突然接到朋友的电话，让他好好享受这个夜晚""}",2,"(b) 惊喜""}",1,"(c) 他突然接到朋友的电话，让他好好享受这个夜晚""}",2,"(b) 惊喜""}",1,"(c) 他突然接到朋友的电话，让他好好享受这个夜晚""}",2,"(b) 惊喜""}",1,"(b)""}",1
"['失望 & 生气', '伤心 & 失望', '伤心 & 生气', '伤心 & 感激', '气恼 & 悔恨', '伤心 & 悔恨']",3,"['他的父母祝他生日快乐，度过美好的一天 & 哈维回家后立即就想睡觉', '他的父母忘记了他的生日 & 他跳过早餐可以减肥', '他的父母忘记了他的生日 & 他的老板祝他生日快乐', '今天是糟糕的一天，他只想把这一天结束 & 他跳过早餐可以减肥', '今天是糟糕的一天，他只想把这一天结束 & 他的父母祝他生日快乐，度过美好的一天', '哈维只吃了一顿饭 & 哈维回家后立即就想睡觉']",4,"(d) 伤心 & 感激""}",3,"(e)""}",4,"(d) 伤心 & 感激""}",3,"(e)""}",4,"(d) 伤心 & 感激""}",3,"(e)""}",4,"(d) 伤心 & 感激""}",3,"答案: (e)""}",4,"(d) 伤心 & 感激""}",3,"(e)""}",4
"['反对 & 气恼', '开心 & 好奇', '气恼 & 好奇', '感激 & 充满希望', '充满希望 & 好奇', '气恼 & 感激']",0,"['小利进屋不脱鞋，这在他的文化中是不常见的 & 小钟没有带新居礼物', '他想穿小钟的鞋子 & 小钟未经通知就出现在他的家里。', '小钟迟到了喜洋洋的新居庆祝会 & 小钟没有带新居礼物', '小利进屋不脱鞋，这在他的文化中是不常见的 & 尽管他提出要换鞋，小利还是拒绝了', '小钟没有带新居礼物 & 他想穿小钟的鞋子', '小利进屋不脱鞋，这在他的文化中是不常见的 & 小钟迟到了喜洋洋的新居庆祝会']",3,"(a) 反对 & 气恼""}",0,"(d)""}",3,"(c) 气恼 & 好奇""}",2,"(d)""}",3,"(f)""}",5,"(d)""}",3,"(a) 反对 & 气恼""}",0,"(d)""}",3,"(a) 反对 & 气恼""}",0,"(d)""}",3
"['尴尬', '气恼', '伤心', '伤感', '感激', '生气']",4,"['他没有因为没有准时到达而被责骂。', '中文场景：钟离邀请小利来参加他的乔迁之喜', '他被允许不用脱鞋就能进入房子', '他很感激小钟的体贴，给了他一双自己的拖鞋']",3,"(e) 感激""}",4,"(d) 他很感激小钟的体贴，给了他一双自己的拖鞋""}",3,"(a) 尴尬""}",0,"(b) 中文场景：钟离邀请小利来参加他的乔迁之喜""}",1,"(a) 尴尬""}",0,"(b)""}",1,"(e) 感激""}",4,"(d) 他很感激小钟的体贴，给了他一双自己的拖鞋""}",3,"(a) 尴尬""}",0,"(d) 他很感激小钟的体贴，给了他一双自己的拖鞋""}",3
"['生气 & 期待', '反对 & 期待', '反对 & 害怕', '反对 & 悲观', '反感 & 期待', '反对 & 反感']",5,"['她看到她的朋友用手而不是用餐具吃饭，感到非常惊讶 & 萨米拉选择了一个她不熟悉的餐厅', '她对萨米拉对其文化美食的热情感到厌恶 & 她还没洗手', '她还没洗手 & 萨米拉选择了一个她不熟悉的餐厅', '她还没洗手 & 她不喜欢印度菜的味道', '小萨用手吃东西 & 她不喜欢餐厅里的气味', '小萨用手吃东西 & 她看到她的朋友用手而不是用餐具吃饭，感到非常惊讶']",5,"(b) 反对 & 期待""}",1,"(f)""}",5,"(a) 生气 & 期待""}",0,"(f)""}",5,"(b) 反对 & 期待""}",1,"(f)""}",5,"(a) 生气 & 期待""}",0,"(f)""}",5,"(e) 反感 & 期待""}",4,"(f)""}",5
"['反对', '紧张', '反感', '开心', '尴尬', '自豪']",3,"['小萨想念她的母亲', '她正在向艾米介绍她的文化', '她喜欢这些食物，因为它让她想起了她妈妈做的菜', '小萨喜欢餐厅的气氛']",2,"(d) 开心""}",3,"(b) 她正在向艾米介绍她的文化""}",1,"(d) 开心""}",3,"(b) 她正在向艾米介绍她的文化""}",1,"(d) 开心""}",3,"(b) 她正在向艾米介绍她的文化""}",1,"(d) 开心""}",3,"(b) 她正在向艾米介绍她的文化""}",1,"(d) 开心""}",3,"(b) 她正在向艾米介绍她的文化""}",1
"['尴尬 & 惊讶', '反对 & 反感', '反对 & 惊讶', '期待 & 反对', '开心 & 惊讶', '反对 & 尴尬']",0,"['她不明白女服务员为什么要退回小费 & 小洁认识这个女服务员，她们在高中时是同学。', '她不明白女服务员为什么要退回小费 & 小洁意识到她把钱包忘在了酒店', '小洁忘记给女服务员小费 & 食物比她预期的要好', '她不明白女服务员为什么要退回小费 & 女服务员对她的态度很粗鲁', '女服务员对她的态度很粗鲁 & 小洁认识这个女服务员，她们在高中时是同学。', '女服务员退回了她的小费，这可能意味着她给的小费不够 & 她不明白女服务员为什么要退回小费']",5,"(a) 尴尬 & 惊讶""}",0,"(f)""}",5,"(a) 尴尬 & 惊讶""}",0,"(f)""}",5,"(a) 尴尬 & 惊讶""}",0,"(f)""}",5,"(a) 尴尬 & 惊讶""}",0,"(f)""}",5,"(a) 尴尬 & 惊讶""}",0,"(f)""}",5
"['生气', '钦佩', '嫉妒', '反对', '尴尬', '伤感']",3,"['她不喜欢大额的小费金额', '在日本文化中，收小费可能被认为是粗鲁或不尊重', '她不喜欢杰西卡点的食物', '她认为杰西卡是一个粗鲁的客人']",1,"(b) 钦佩""}",1,"(b) 在日本文化中，收小费可能被认为是粗鲁或不尊重""}",1,"(f) 伤感""}",5,"(b) 在日本文化中，收小费可能被认为是粗鲁或不尊重""}",1,"(b) 钦佩""}",1,"(b) 在日本文化中，收小费可能被认为是粗鲁或不尊重""}",1,"(e) 尴尬""}",4,"(b) 在日本文化中，收小费可能被认为是粗鲁或不尊重""}",1,"(b) 钦佩""}",1,"(b) 在日本文化中，收小费可能被认为是粗鲁或不尊重""}",1
"['紧张', '开心', '气恼', '无感', '反对', '尴尬']",5,"['小薇没有邀请阿飒观看电影', '阿飒没有在她到达时做出反应', '她以为她看电影迟到了', '她对德国电影时间表感到陌生']",2,"(b) 开心""}",1,"(b) 阿飒没有在她到达时做出反应""}",1,"(d) 无感""}",3,"(b) 阿飒没有在她到达时做出反应""}",1,"(b) 开心""}",1,"(b)""}",1,"(b) 开心""}",1,"(b) 阿飒没有在她到达时做出反应""}",1,"(b) 开心""}",1,"(b)""}",1
"['紧张', '气恼', '开心', '无感', '反对', '尴尬']",3,"['阿飒不喜欢魏莉，也不在乎她迟到。', '她习惯了交换学生的这种行为', '魏莉对她的文化没有尊重', '在德国文化中，看电影迟到是很常见的']",3,"(c) 开心""}",2,"(d) 在德国文化中，看电影迟到是很常见的""}",3,"(c) 开心""}",2,"(b) 她习惯了交换学生的这种行为""}",1,"(c) 开心""}",2,"(b) 她习惯了交换学生的这种行为""}",1,"(c) 开心""}",2,"(d) 在德国文化中，看电影迟到是很常见的""}",3,"(c) 开心""}",2,"(b) 她习惯了交换学生的这种行为""}",1
"['害怕', '气恼', '尴尬', '反对', '爱护', '惊讶']",4,"['他想通过付账来炫耀他的财富', '他和他的朋友们打赌，赌谁会付账单', '他很感激亨利的好意，但他愿意为这顿饭买单', '他被这昂贵的餐点吓到了']",2,"(c) 尴尬""}",2,"(c) 他很感激亨利的好意，但他愿意为这顿饭买单""}",2,"(c) 尴尬""}",2,"(c) 他很感激亨利的好意，但他愿意为这顿饭买单""}",2,"(c) 尴尬""}",2,"(c)""}",2,"(c) 尴尬""}",2,"(c) 他很感激亨利的好意，但他愿意为这顿饭买单""}",2,"(c) 尴尬""}",2,"(c) 他很感激亨利的好意，但他愿意为这顿饭买单""}",2
"['伤心', '期待', '惊讶', '愧疚', '激动', '反感']",2,"['他期待小丰为他的饭费买单', '他以为每个人都会分担账单', '他不知道为什么他付钱被拒绝了', '小丰通常会为每个人的饭费买单']",2,"(c) 惊讶""}",2,"(b) 他以为每个人都会分担账单""}",1,"(c) 惊讶""}",2,"(b) 他以为每个人都会分担账单""}",1,"(c) 惊讶""}",2,"(b) 他以为每个人都会分担账单""}",1,"(c) 惊讶""}",2,"(b) 他以为每个人都会分担账单""}",1,"(c) 惊讶""}",2,"(b) 他以为每个人都会分担账单""}",1
"['激动', '钦佩', '惊喜', '悔恨', '反对', '气恼']",0,"['他认为肖会对他能够使用筷子而感到骄傲。', '在几次失败之后，他终于成功地使用了筷子，这让他很兴奋', '他很激动，因为他终于在很长时间后得以进食', '他认为将筷子直插入饭碗是一种尊重的表现']",1,"(b) 钦佩""}",1,"(b) 在几次失败之后，他终于成功地使用了筷子，这让他很兴奋""}",1,"(b) 钦佩""}",1,"(b) 在几次失败之后，他终于成功地使用了筷子，这让他很兴奋""}",1,"(d) 悔恨""}",3,"(a)""}",0,"(a) 激动""}",0,"(b) 在几次失败之后，他终于成功地使用了筷子，这让他很兴奋""}",1,"(c) 惊喜""}",2,"(b) 在几次失败之后，他终于成功地使用了筷子，这让他很兴奋""}",1
"['钦佩 & 反对', '反对 & 悔恨', '气恼 & 激动', '钦佩 & 气恼', '惊喜 & 激动', '钦佩 & 激动']",0,"['他钦佩比尔在学习如何使用筷子方面的进步 & 从他的反应来看，他可能不赞成比尔把筷子直立插在饭碗里', '他钦佩比尔在学习如何使用筷子方面的进步 & 比尔想要不尊重萧的筷子技能。', '从他的反应来看，他可能不赞成比尔把筷子直立插在饭碗里 & 比尔不想学习使用筷子的正确方式', '比尔不想学习使用筷子的正确方式 & 比尔想要不尊重萧的筷子技能。', '他钦佩比尔在学习如何使用筷子方面的进步 & 比尔讲了一个有趣的笑话，让萧笑了出来', '比尔讲了一个有趣的笑话，让萧笑了出来 & 比尔吃完饭后没有清理干净']",0,"(f)""}",5,"(a)""}",0,"(f) 钦佩 & 激动""}",5,"(a)""}",0,"(f) 钦佩 & 激动""}",5,"(a)""}",0,"(d) 钦佩 & 气恼""}",3,"(a)""}",0,"(f) 钦佩 & 激动""}",5,"(a)""}",0
"['尴尬', '自豪', '紧张', '没意识的', '反对', '感激']",4,"['亚历山德拉不赞成她的演讲', '直接指出缺陷在中国文化中并不常见', '李认为她的演讲无懈可击', '李并不关心她需要改进的地方']",1,"(a) 尴尬""}",0,"(b)""}",1,"(a) 尴尬""}",0,"(b)""}",1,"(a) 尴尬""}",0,"(b) 直接指出缺陷在中国文化中并不常见""}",1,"(f) 感激""}",5,"(b) 直接指出缺陷在中国文化中并不常见""}",1,"(f) 感激""}",5,"(b) 直接指出缺陷在中国文化中并不常见""}",1
"['反对', '感激', '包容', '自豪', '尴尬', '开心']",0,"['金尼斯没有尊重她的文化，尽管菲提出要换鞋', '菲不喜欢金尼斯的鞋子', '菲觉得金尼斯来吃午餐很无礼', '金尼斯没有对午餐的邀请表示感谢']",0,"(e) 尴尬""}",4,"(a)""}",0,"(e) 尴尬""}",4,"(a)""}",0,"(e) 尴尬""}",4,"(a)""}",0,"(e) 尴尬""}",4,"(a)""}",0,"(e) 尴尬""}",4,"(a)""}",0
"['气恼 & 愧疚', '气恼 & 没意识的', '释怀 & 感激', '气恼 & 释怀', '反对 & 感激', '感激 & 没意识的']",5,"['她不知道菲在家里需要脱鞋的文化 & 法特梅给她准备了一顿安慰餐', '她不知道菲在家里需要脱鞋的文化 & 菲给她在家穿的拖鞋', '菲给她在家穿的拖鞋 & 法特梅不喜欢她的鞋子', '她不知道菲在家里需要脱鞋的文化 & 金尼斯拒绝了提供的拖鞋，因为她不喜欢拖鞋', '她不知道菲在家里需要脱鞋的文化 & 法特梅不喜欢她的鞋子', '金尼斯拒绝了提供的拖鞋，因为她不喜欢拖鞋 & 法特梅不喜欢她的鞋子']",1,"(d) 气恼 & 释怀""}",3,"(b)""}",1,"(c) 释怀 & 感激""}",2,"(a)""}",0,"(a) 气恼 & 愧疚""}",0,"(b) 她不知道菲在家里需要脱鞋的文化 & 菲给她在家穿的拖鞋""}",1,"(c) 释怀 & 感激""}",2,"(a)""}",0,"(d) 气恼 & 释怀""}",3,"(b)""}",1
"['娱乐', '尴尬', '绝望', '气恼', '释怀', '失望']",1,"['阿亚不喜欢他的商业想法', '阿亚不理解他的握手姿势', '他提出了一个糟糕的商业建议', '他的握手被阿雅拒绝了']",3,"(b) 尴尬""}",1,"(d)""}",3,"(b) 尴尬""}",1,"(d)""}",3,"(b) 尴尬""}",1,"(d)""}",3,"(b) 尴尬""}",1,"(d)""}",3,"(b) 尴尬""}",1,"(d)""}",3
"['包容', '反对', '生气', '悔恨', '自豪', '没意识的']",0,"['她被马库斯提供的商业提案所打动', '她对马库斯的主动握手感到烦恼', '她觉得被马库斯不尊重', '由于她的文化，她不能和马克握手，她点头并把手放在心口以示尊重']",3,"(a) 包容""}",0,"(d) 由于她的文化，她不能和马克握手，她点头并把手放在心口以示尊重""}",3,"(e) 自豪""}",4,"(d) 由于她的文化，她不能和马克握手，她点头并把手放在心口以示尊重""}",3,"(c) 生气""}",2,"(c) 她觉得被马库斯不尊重""}",2,"(a) 包容""}",0,"(d) 由于她的文化，她不能和马克握手，她点头并把手放在心口以示尊重""}",3,"(a) 包容""}",0,"(d) 由于她的文化，她不能和马克握手，她点头并把手放在心口以示尊重""}",3
"['气恼 & 嫉妒', '气恼 & 伤心', '没意识的 & 失望', '伤心 & 嫉妒', '气恼 & 没意识的', '没意识的 & 嫉妒']",2,"['她不知道在中国，人们出去吃是分菜的 & 凌没有给她自己点餐的机会', '琳本应该让她为大家点菜 & 她认为琳故意不让她看菜单', '她不喜欢餐厅的食物选择 & 她不知道餐厅的位置', '她不喜欢餐厅的食物选择 & 她认为琳故意不让她看菜单', '凌没有给她自己点餐的机会 & 她不喜欢餐厅的食物选择', '凌没有给她自己点餐的机会 & 琳本应该让她为大家点菜']",0,"(d) 伤心 & 嫉妒""}",3,"(a)""}",0,"(d) 伤心 & 嫉妒""}",3,"(a) 她不知道在中国，人们出去吃是分菜的 & 凌没有给她自己点餐的机会""}",0,"(c) 没意识的 & 失望""}",2,"(a) 她不知道在中国，人们出去吃是分菜的 & 凌没有给她自己点餐的机会""}",0,"(b) 气恼 & 伤心""}",1,"(a)""}",0,"(e) 气恼 & 没意识的""}",4,"(a) 她不知道在中国，人们出去吃是分菜的 & 凌没有给她自己点餐的机会""}",0
"['没意识的 & 伤心', '反对 & 嫉妒', '没意识的 & 反对', '开心 & 嫉妒', '没意识的 & 开心', '气恼 & 伤心']",2,"['路西自己拿了一道菜，而所有的菜都应该是大家一起分的 & 她认为露西亚不喜欢中国食物', '她不知道美国人喜欢自己点餐 & 露西亚没有为晚餐道谢', '路西自己拿了一道菜，而所有的菜都应该是大家一起分的 & 她原本期待露西亚会用中文说话', '她不知道美国人喜欢自己点餐 & 她原本期待露西亚会用中文说话', '她不知道美国人喜欢自己点餐 & 路西自己拿了一道菜，而所有的菜都应该是大家一起分的', '她不知道美国人喜欢自己点餐 & 露西亚没有询问凌关于食物选择，所以凌觉得被忽视了']",4,"(d) 开心 & 嫉妒""}",3,"(f) 她不知道美国人喜欢自己点餐 & 露西亚没有询问凌关于食物选择，所以凌觉得被忽视了""}",5,"(a) 没意识的 & 伤心""}",0,"(f)""}",5,"(e) 没意识的 & 开心""}",4,"(e)""}",4,"(e) 没意识的 & 开心""}",4,"(e)""}",4,"(a) 没意识的 & 伤心""}",0,"(e)""}",4
"['反对 & 生气', '没意识的 & 伤心', '伤心 & 尴尬', '气恼 & 生气', '反对 & 伤心', '生气 & 伤心']",1,"['他不喜欢被拒绝', '他不知道他为什么被拒绝了', '他感觉她的同事不喜欢他', '他不喜欢阿里']",1,"(e) 反对 & 伤心""}",4,"(a) 他不喜欢被拒绝""}",0,"(c) 伤心 & 尴尬""}",2,"(a) 他不喜欢被拒绝""}",0,"(c) 伤心 & 尴尬""}",2,"(a) 他不喜欢被拒绝
(b) 他不知道他为什么被拒绝了
(c) 他感觉她的同事不喜欢他""}",2,"(b) 没意识的 & 伤心""}",1,"(a) 他不喜欢被拒绝
(b) 他不知道他为什么被拒绝了
(c) 他感觉她的同事不喜欢他
(d) 他不喜欢阿里""}",3,"(b) 没意识的 & 伤心""}",1,"(a) 他不喜欢被拒绝
(b) 他不知道他为什么被拒绝了
(c) 他感觉她的同事不喜欢他""}",2
"['反对', '不关心', '害怕', '反感', '生气', '紧张']",0,"['在他的文化中人们不进行午餐会议', '由于宗教信仰，他必须拒绝', '他怕林肯提议吃一些禁忌的食物', '作为同事，他不喜欢林肯']",1,"(d) 反感""}",3,"(b)""}",1,"(d) 反感""}",3,"(b) 由于宗教信仰，他必须拒绝""}",1,"(d) 反感""}",3,"(b)""}",1,"(d) 反感""}",3,"(b) 由于宗教信仰，他必须拒绝""}",1,"(d) 反感""}",3,"(b) 由于宗教信仰，他必须拒绝""}",1
"['没意识的', '紧张', '激动', '感激', '开心', '尴尬']",5,"['莱拉不赞成她的穿搭风格和时尚品味', '莱拉不希望索菲亚比自己看起来更棒', '她意识到了白色连衣裙在莱拉的文化中的含义', '莱拉认为她很无礼']",2,"(f) 尴尬""}",5,"(c) 她意识到了白色连衣裙在莱拉的文化中的含义""}",2,"(f) 尴尬""}",5,"(c) 她意识到了白色连衣裙在莱拉的文化中的含义""}",2,"(f) 尴尬""}",5,"(c) 她意识到了白色连衣裙在莱拉的文化中的含义""}",2,"(f) 尴尬""}",5,"(c) 她意识到了白色连衣裙在莱拉的文化中的含义""}",2,"(f) 尴尬""}",5,"(c) 她意识到了白色连衣裙在莱拉的文化中的含义""}",2
"['失望', '反感', '愧疚', '包容', '气恼', '感激']",3,"['她不喜欢索菲亚的连衣裙风格', '她知道索菲亚可能不了解自己的文化', '她欣赏索菲亚与众不同的穿搭', '她觉得邀请索菲亚是个坏主意']",1,"(a) 失望""}",0,"(b)""}",1,"(d) 包容""}",3,"(b)""}",1,"(d) 包容""}",3,"(b) 她知道索菲亚可能不了解自己的文化""}",1,"(d) 包容""}",3,"(b) 她知道索菲亚可能不了解自己的文化""}",1,"(d) 包容""}",3,"(b)""}",1
"['好奇', '气恼', '尴尬', '不关心', '娱乐', '期待']",2,"['他对戒指不感兴趣', '他把从小马那里借的戒指弄丢了', '他忘记了他的报告', '他在家庭价值观和传统演示中不成功Translated Subject version: 小杰忘记了他的报告']",1,"(c) 尴尬""}",2,"(b) 他把从小马那里借的戒指弄丢了""}",1,"(c) 尴尬""}",2,"(b) 他把从小马那里借的戒指弄丢了""}",1,"(c) 尴尬""}",2,"(b) 他把从小马那里借的戒指弄丢了""}",1,"(c) 尴尬""}",2,"(b) 他把从小马那里借的戒指弄丢了""}",1,"(c) 尴尬""}",2,"(b) 他把从小马那里借的戒指弄丢了""}",1
"['爱护 & 惊喜', '反对 & 尴尬', '气恼 & 感激', '气恼 & 尴尬', '反对 & 惊喜', '气恼 & 反对']",5,"['杰森丢了他的奶奶给他的戒指', '杰森邀请他参加其家庭价值和传统的演讲', '杰森借用了戒指作为他的演讲道具', '小杰把奶奶给他的戒指弄丢了', '杰森提出愿意花大价钱替换他奶奶的戒指', '小杰提出要买一个换他奶奶的戒指，这对小马来说是独一无二的，不可替代的']",5,"(c) 气恼 & 感激""}",2,"(d), (f)""}",3,"(d) 气恼 & 尴尬""}",3,"(f)""}",5,"(f) 气恼 & 反对""}",5,"(d), (f)""}",3,"(c) 气恼 & 感激""}",2,"(a)(d)(f)""}",0,"(c) 气恼 & 感激""}",2,"(a)(d)(f)""}",0
"['无感', '尴尬', '反对', '开心', '伤感', '爱护']",0,"['尽管我与那件衬衫发生了小插曲，但我的约会仍进行得很顺利。', '衬衫上的污渍可以轻松洗掉', '我能够找到一件一模一样的衬衫来替换我弄脏的那件', '乔治不会介意那件衬衫']",2,"(e) 伤感""}",4,"(d) 乔治不会介意那件衬衫""}",3,"(b) 尴尬""}",1,"(c) 我能够找到一件一模一样的衬衫来替换我弄脏的那件""}",2,"(b) 尴尬""}",1,"(c) 我能够找到一件一模一样的衬衫来替换我弄脏的那件""}",2,"(b) 尴尬""}",1,"(c) 我能够找到一件一模一样的衬衫来替换我弄脏的那件""}",2,"(b) 尴尬""}",1,"(d) 乔治不会介意那件衬衫""}",3
"['无感 & 感激', '无感 & 愧疚', '尴尬 & 失望', '生气 & 失望', '无感 & 生气', '感激 & 生气']",3,"['我毁了他最喜欢的衬衫 & 我请求借他的衬衫', '我请求借他的衬衫 & 我没有他就出去约会', '我毁了他最喜欢的衬衫 & 我提出买一件新衬衫来代替他的旧衬衫，而不考虑它的价值', '我毁了他最喜欢的衬衫 & 我有足够的钱买新衬衫，但还是借了他的', '我提出买一件新衬衫来代替他的旧衬衫，而不考虑它的价值 & 我跟他的妈妈提起了这件衬衫', '我毁了他最喜欢的衬衫 & 我跟他的妈妈提起了这件衬衫']",2,"(d) 生气 & 失望""}",3,"(c)""}",2,"(d) 生气 & 失望""}",3,"(c)""}",2,"(a)""}",0,"(c)""}",2,"(a) 无感 & 感激""}",0,"(c)""}",2,"(a) 无感 & 感激""}",0,"(c)""}",2
"['愧疚', '嫉妒', '悔恨', '尴尬', '惊喜', '伤感']",3,"['凯文拒绝了我给他买笔的提议', '凯文比我拥有的笔多得多', '我丢了小凯的笔', '我因为没有带笔而考试失败']",2,"(a) 愧疚""}",0,"(c) 我丢了小凯的笔""}",2,"(a) 愧疚""}",0,"(c) 我丢了小凯的笔""}",2,"(a) 愧疚""}",0,"(c) 我丢了小凯的笔""}",2,"(a) 愧疚""}",0,"(c) 我丢了小凯的笔""}",2,"(a) 愧疚""}",0,"(c) 我丢了小凯的笔""}",2
"['无感 & 感激', '愧疚 & 伤心', '愧疚 & 气恼', '反对 & 气恼', '伤心 & 气恼', '伤心 & 感激']",0,"['他有很多笔，所以他不在乎丢失一支 & 他不再需要处理那支笔', '他喜欢他送出的那款笔的样式 & 我弄丢了他最喜欢的一只笔', '他很开心他把他的笔送人了 & 他喜欢他送出的那款笔的样式', '他有很多笔，所以他不在乎丢失一支 & 我弄丢了他最喜欢的一只笔', '他有很多笔，所以他不在乎丢失一支 & 他很感激我愿意为这支笔付钱', '他很开心他把他的笔送人了 & 我弄丢了他最喜欢的一只笔']",4,"(f) 伤心 & 感激""}",5,"(d) 他有很多笔，所以他不在乎丢失一支 & 我弄丢了他最喜欢的一只笔""}",3,"(a) 无感 & 感激""}",0,"(e)""}",4,"(a) 无感 & 感激""}",0,"(e)""}",4,"(f) 伤心 & 感激""}",5,"(d) 他有很多笔，所以他不在乎丢失一支 & 我弄丢了他最喜欢的一只笔""}",3,"(a) 无感 & 感激""}",0,"(e) 他有很多笔，所以他不在乎丢失一支 & 他很感激我愿意为这支笔付钱""}",4
"['失望 & 尴尬', '惊喜 & 嫉妒', '失望 & 惊喜', '生气 & 失望', '嫉妒 & 尴尬', '失望 & 嫉妒']",3,"['她姐姐不考虑海报的价值就给要给她买一张新的海报 & 后街男孩解散了，汉娜错过了他们的粉丝见面会', '她的姐姐不知道她是后街男孩的超级粉丝 & 她的姐姐在粉丝见面会上让她很尴尬', '汉娜的学习被她的姐姐打断 & 她的姐姐不知道她是后街男孩的超级粉丝', '她姐姐毁了海报 & 她的姐姐不知道她是后街男孩的超级粉丝', '她姐姐不考虑海报的价值就给要给她买一张新的海报 & 她的姐姐不知道她是后街男孩的超级粉丝', '她姐姐毁了海报 & 她姐姐不考虑海报的价值就给要给她买一张新的海报']",5,"(d) 生气 & 失望""}",3,"(d) 她姐姐毁了海报 & 她的姐姐不知道她是后街男孩的超级粉丝""}",3,"(a) 失望 & 尴尬""}",0,"(e) 她姐姐不考虑海报的价值就给要给她买一张新的海报 & 她的姐姐不知道她是后街男孩的超级粉丝""}",4,"(d) 生气 & 失望""}",3,"(f) 她姐姐毁了海报 & 她姐姐不考虑海报的价值就给要给她买一张新的海报""}",5,"(c) 失望 & 惊喜""}",2,"(d) 她姐姐毁了海报 & 她的姐姐不知道她是后街男孩的超级粉丝""}",3,"(c) 失望 & 惊喜""}",2,"(d) 她姐姐毁了海报 & 她的姐姐不知道她是后街男孩的超级粉丝""}",3
"['嫉妒', '无感', '尴尬', '紧张', '反感', '开心']",1,"['她认为汉娜反应过度', '她嫉妒汉娜的后街男孩粉丝群体', '她完全可以负担得起买一张新海报', '汉娜的姐姐认为这张海报没有任何价值']",3,"(c) 尴尬""}",2,"(a) 她认为汉娜反应过度""}",0,"(c) 尴尬""}",2,"(a) 她认为汉娜反应过度""}",0,"(c) 尴尬""}",2,"(a) 她认为汉娜反应过度""}",0,"(c) 尴尬""}",2,"(a)""}",0,"(c) 尴尬""}",2,"(a) 她认为汉娜反应过度""}",0
"['气恼 & 反对 & 反感', '气恼 & 反对 & 感激', '伤感 & 反对 & 反感', '伤感 & 气恼 & 反对', '伤感 & 气恼 & 惊喜', '气恼 & 感激 & 反感']",3,"['我认为我应该更好地保护那个袋子 & 我的丈夫在不告诉我的情况下把袋子扔掉了 & 当搬到新房子时，我不想打包那个袋子。', '看到这个包让我想起了和它一起的美好回忆 & 我从贫穷的家庭中来，买了一栋新房子 & 我关心的那个袋子被撕破了，很脏', '看到这个包让我想起了和它一起的美好回忆 & 我丈夫没有意识到这个包在我心里有特殊的价值 & 我丈夫想扔掉那个在我心里有特殊价值的包', '我丈夫想扔掉那个在我心里有特殊价值的包 & 我认为我应该更好地保护那个袋子 & 当搬到新房子时，我不想打包那个袋子。', '我丈夫想扔掉那个在我心里有特殊价值的包 & 我从贫穷的家庭中来，买了一栋新房子 & 当搬到新房子时，我不想打包那个袋子。', '我丈夫没有意识到这个包在我心里有特殊的价值 & 我关心的那个袋子被撕破了，很脏 & 我认为我应该更好地保护那个袋子']",2,"(a) 气恼 & 反对 & 反感""}",0,"(c)""}",2,"(c) 伤感 & 反对 & 反感""}",2,"(c)""}",2,"(c) 伤感 & 反对 & 反感""}",2,"(c)""}",2,"(c) 伤感 & 反对 & 反感""}",2,"(c)""}",2,"(c) 伤感 & 反对 & 反感""}",2,"(c)""}",2
"['伤心 & 好奇', '没意识的 & 好奇', '伤心 & 反感', '没意识的 & 爱护', '没意识的 & 反感', '爱护 & 好奇']",4,"['他不知道这个包对我的价值 & 他不知道我喜欢古旧和生锈的包包。', '他不想让我留着一个又旧又破的包 & 他不知道这个包对我的价值', '他对我对包包寄予的感性价值感到厌恶 & 他不喜欢我上的大学', '他不想让我留着一个又旧又破的包 & 他对我们搬进一所脏乱的房子感到厌烦', '他不知道这个包对我的价值 & 他对我们搬进一所脏乱的房子感到厌烦', '他对我们搬进一所脏乱的房子感到厌烦 & 他不喜欢我上的大学']",1,"(a) 伤心 & 好奇""}",0,"(a) 他不知道这个包对我的价值 & 他不知道我喜欢古旧和生锈的包包。""}",0,"(a) 伤心 & 好奇""}",0,"(a)""}",0,"(a) 伤心 & 好奇""}",0,"(a) 他不知道这个包对我的价值 & 他不知道我喜欢古旧和生锈的包包。""}",0,"(a) 伤心 & 好奇""}",0,"(a) 他不知道这个包对我的价值 & 他不知道我喜欢古旧和生锈的包包。""}",0,"(a) 伤心 & 好奇""}",0,"(a)""}",0
"['伤心 & 尴尬', '期待 & 愧疚', '伤感 & 尴尬', '感激 & 伤感', '感激 & 尴尬', '期待 & 感激']",3,"['他的学生没有出席他的退休派对 & 詹先生期待一个充满成功的职业生涯', '他的学生决定为他创作一幅有意义的壁画 & 这幅壁画包含了影响他的学生的生活的所有事', '他的学生没能记住他教给他们的所有课程 & 他的学生没有欣赏他多年的教学', '他的学生没有出席他的退休派对 & 他的学生没能记住他教给他们的所有课程', '这幅壁画包含了影响他的学生的生活的所有事 & 他的学生没能记住他教给他们的所有课程', '他的学生没能记住他教给他们的所有课程 & 詹先生期待一个充满成功的职业生涯']",1,"(d) 感激 & 伤感""}",3,"(b)""}",1,"(d) 感激 & 伤感""}",3,"(b)""}",1,"(d) 感激 & 伤感""}",3,"(b)""}",1,"(d) 感激 & 伤感""}",3,"(b)""}",1,"(d) 感激 & 伤感""}",3,"(b)""}",1
"['开心', '紧张', '伤心', '反感', '好奇', '伤感']",5,"['乔希不喜欢他父亲的手表', '他设法清理了阁楼', '这块表是他父亲的', '手表已经变旧并磨损']",2,"(a) 开心""}",0,"(c) 这块表是他父亲的""}",2,"(a) 开心""}",0,"(c) 这块表是他父亲的""}",2,"(a) 开心""}",0,"(c) 这块表是他父亲的""}",2,"(a) 开心""}",0,"(c) 这块表是他父亲的""}",2,"(a) 开心""}",0,"(c) 这块表是他父亲的""}",2
"['伤感', '期待', '充满希望', '紧张', '反对', '不关心']",0,"['尼克已经很长时间没有去公园了', '他的童年记忆与公园和那棵树联系在一起', '尽管他小时候很爱这个公园，现在他却非常讨厌这个公园。', '他的儿子，菲尔未告知他就离家出走了']",1,"(a) 伤感""}",0,"(b)""}",1,"(a) 伤感""}",0,"(b) 他的童年记忆与公园和那棵树联系在一起""}",1,"(a) 伤感""}",0,"(b) 他的童年记忆与公园和那棵树联系在一起""}",1,"(a) 伤感""}",0,"(b) 他的童年记忆与公园和那棵树联系在一起""}",1,"(a) 伤感""}",0,"(b) 他的童年记忆与公园和那棵树联系在一起""}",1
"['伤感', '反对', '气恼', '娱乐', '好奇', '感激']",3,"['看到他爸爸的名字刻在树上，他既高兴又惊讶', '他记得他的父亲曾经讲过公园里一些令人捧腹的故事', '他记得他过去常常在那个公园度过的时光', '他在树上看到了一个有趣的松鼠']",0,"(e) 好奇""}",4,"(a) 看到他爸爸的名字刻在树上，他既高兴又惊讶""}",0,"(d) 娱乐""}",3,"(a) 看到他爸爸的名字刻在树上，他既高兴又惊讶""}",0,"(e) 好奇""}",4,"(a) 看到他爸爸的名字刻在树上，他既高兴又惊讶""}",0,"(e) 好奇""}",4,"(a)""}",0,"(e) 好奇""}",4,"(a)""}",0
"['失望', '娱乐', '绝望', '好奇', '紧张', '无感']",4,"['他可能找不到儿子最喜欢的玩具', '他不确定他是否能在商场买到同样的玩具', '他对自己为儿子买玩具感到不安', '艾伦担心再次迟到另一个约会']",0,"(b) 娱乐""}",1,"(b) 他不确定他是否能在商场买到同样的玩具""}",1,"(b) 娱乐""}",1,"(b) 他不确定他是否能在商场买到同样的玩具""}",1,"(b) 娱乐""}",1,"(a) 他可能找不到儿子最喜欢的玩具""}",0,"(a) 失望""}",0,"(a)""}",0,"(a) 失望""}",0,"(a)""}",0
"['期待', '感激', '反感', '嫉妒', '反对', '生气']",1,"['她的妈妈向她展示了前男友的旧信件', '她不想让人想起她的前任，她妈妈把信扔了，不让她看到', '她的妈妈给了她很好的分手应对建议', '在分手后，小娜能够清理她的房间。']",1,"(b) 感激""}",1,"(b)""}",1,"(b) 感激""}",1,"(b)""}",1,"(b) 感激""}",1,"(b)""}",1,"(b) 感激""}",1,"(b)""}",1,"(b) 感激""}",1,"(b) 她不想让人想起她的前任，她妈妈把信扔了，不让她看到""}",1
"['悲观', '愧疚', '无感', '害怕', '紧张', '反感']",2,"['她看到吸管上的洞感到恐惧', '她不喜欢和家人一起吃午餐。', '她害怕的是孔状物，而不是一根吸管的洞', '她不喜欢在餐馆里']",2,"(c) 无感""}",2,"(c) 她害怕的是孔状物，而不是一根吸管的洞""}",2,"(c) 无感""}",2,"(c) 她害怕的是孔状物，而不是一根吸管的洞""}",2,"(f) 反感""}",5,"(a)""}",0,"(d) 害怕""}",3,"(a)""}",0,"(d) 害怕""}",3,"(a) 她看到吸管上的洞感到恐惧""}",0
"['紧张', '反对', '开心', '反感', '害怕', '伤心']",2,"['我害怕在电影中看到蜘蛛。', '我终于克服了对蜘蛛的恐惧', '我和我最好的朋友吃了一顿丰盛的晚餐，看了一场电影', '我喜欢在动物园的蜘蛛区参观']",2,"(c) 开心""}",2,"(c)""}",2,"(c) 开心""}",2,"(c) 我和我最好的朋友吃了一顿丰盛的晚餐，看了一场电影""}",2,"(c) 开心""}",2,"(c) 我和我最好的朋友吃了一顿丰盛的晚餐，看了一场电影""}",2,"(c) 开心""}",2,"(c) 我和我最好的朋友吃了一顿丰盛的晚餐，看了一场电影""}",2,"(c) 开心""}",2,"(c)""}",2
"['害怕', '激动', '反对', '紧张', '自豪', '绝望']",1,"['我担心由于电梯故障而无法上班', '我发现有机会锻炼身体很好', '由于我有恐高症，我害怕走楼梯', '我即将在我的办公室会见一位重要客户']",1,"(a) 害怕""}",0,"(c) 由于我有恐高症，我害怕走楼梯""}",2,"(a) 害怕""}",0,"(c) 由于我有恐高症，我害怕走楼梯""}",2,"(a) 害怕""}",0,"(c) 由于我有恐高症，我害怕走楼梯""}",2,"(a) 害怕""}",0,"(c) 由于我有恐高症，我害怕走楼梯""}",2,"(a) 害怕""}",0,"(c) 由于我有恐高症，我害怕走楼梯""}",2
"['开心', '害怕', '伤心', '反对', '绝望', '悲观']",0,"['我喜欢远离他人的独处时光', '我喜欢和工作中的同事交流', '我成功完成了一项困难的工作任务', '我一个人感觉非常孤独']",0,"(c) 伤心""}",2,"(d) 我一个人感觉非常孤独""}",3,"(c) 伤心""}",2,"(d) 我一个人感觉非常孤独""}",3,"(c) 伤心""}",2,"(d)""}",3,"(c) 伤心""}",2,"(d)""}",3,"(c) 伤心""}",2,"(d)""}",3
"['反感', '气恼', '害怕', '激动', '自豪', '惊讶']",3,"['他怀念在迪士尼乐园骨折腿的那段时间', '他担心他的腿再次骨折', '他的女朋友总是要求去迪士尼乐园', '他要去他最喜欢的游乐设施']",3,"(c) 害怕""}",2,"(b) 他担心他的腿再次骨折""}",1,"(b) 气恼""}",1,"(b) 他担心他的腿再次骨折""}",1,"(a) 反感""}",0,"(b) 他担心他的腿再次骨折""}",1,"(a) 反感""}",0,"(b) 他担心他的腿再次骨折""}",1,"(d) 激动""}",3,"(d) 他要去他最喜欢的游乐设施""}",3
"['尴尬', '娱乐', '自豪', '期待', '反对', '恐惧']",5,"['她与一位男性客户有过不好的经历', '看到同样的痣后，她想起了那次可怕的遭遇', '她觉得在客户面前大喊大叫非常尴尬', '她不喜欢脸上有痣的人']",1,"(f) 恐惧""}",5,"(b) 看到同样的痣后，她想起了那次可怕的遭遇""}",1,"(f) 恐惧""}",5,"(b)""}",1,"(f) 恐惧""}",5,"(b)""}",1,"(f)""}",5,"(b) 看到同样的痣后，她想起了那次可怕的遭遇""}",1,"(f)""}",5,"(b) 看到同样的痣后，她想起了那次可怕的遭遇""}",1
"['钦佩', '惊喜', '尴尬', '自豪', '紧张', '气恼']",0,"['瑞奇对胜利表现出了乐观和自信', '他钦佩瑞奇挑战他，尽管瑞奇知道自己会输', '瑞奇在臂力摔跤中表现出了很多力量', '他不确定自己会不会赢']",1,"(d) 自豪""}",3,"(b)""}",1,"(d) 自豪""}",3,"(b)""}",1,"(d) 自豪""}",3,"(b)""}",1,"(d) 自豪""}",3,"(b)""}",1,"(d) 自豪""}",3,"(b) 他钦佩瑞奇挑战他，尽管瑞奇知道自己会输""}",1
"['气恼', '自豪', '惊喜', '尴尬', '娱乐', '紧张']",4,"['他想试一试，觉得很有趣，而且可能他很享受这种经历', '他并不认为泰德像他所相信的那样好', '他对自己的表现感到失望', '他因为失败而感到羞辱']",0,"(b) 自豪""}",1,"(a)""}",0,"(b) 自豪""}",1,"(a)""}",0,"(a) 气恼""}",0,"(c) 他对自己的表现感到失望""}",2,"(a) 气恼""}",0,"(c) 他对自己的表现感到失望""}",2,"(b) 自豪""}",1,"(a) 他想试一试，觉得很有趣，而且可能他很享受这种经历""}",0
"['反感', '反对', '感激', '紧张', '气恼', '害怕']",2,"['这蜂蜜来自稀有的蜜蜂', '她认为我没有考虑到她的恐惧症', '她很感激这份礼物', '这份礼物增加了她对蜜蜂的恐惧']",2,"(d) 紧张""}",3,"(b) 她认为我没有考虑到她的恐惧症""}",1,"(d) 紧张""}",3,"(d)""}",3,"(d) 紧张""}",3,"(d)""}",3,"(d) 紧张""}",3,"(b)""}",1,"(d) 紧张""}",3,"(b) 她认为我没有考虑到她的恐惧症""}",1
"['紧张', '惊喜', '无感', '害怕', '激动', '感激']",2,"['她对天文学项目有浓厚的兴趣', '她害怕在撒哈拉的下午时分待在户外', '她不喜欢和她的同学一起进行小组工作。', '她怕黑，但下午的撒哈拉沙漠光线很好']",3,"(d) 害怕""}",3,"(d)""}",3,"(d) 害怕""}",3,"(d) 她怕黑，但下午的撒哈拉沙漠光线很好""}",3,"(a) 紧张""}",0,"(d) 她怕黑，但下午的撒哈拉沙漠光线很好""}",3,"(d) 害怕""}",3,"(d)""}",3,"(d) 害怕""}",3,"(d)""}",3
"['反对', '害怕', '好奇', '紧张', '开心', '感激']",3,"['她担心会忘记莎莎舞步', '由于性格内向，她不喜欢参加公众聚会，但在朋友的劝说下，她不得不参加', '她感激她的朋友试图说服她', '她不喜欢课堂上播放的莎莎舞音乐']",1,"(e) 开心""}",4,"(c)""}",2,"(d) 紧张""}",3,"(b) 由于性格内向，她不喜欢参加公众聚会，但在朋友的劝说下，她不得不参加""}",1,"(d) 紧张""}",3,"(b)""}",1,"(e) 开心""}",4,"(c)""}",2,"(a) 反对""}",0,"(b) 由于性格内向，她不喜欢参加公众聚会，但在朋友的劝说下，她不得不参加""}",1
"['释怀 & 尴尬', '尴尬 & 感激', '嫉妒 & 感激', '释怀 & 感激', '紧张 & 尴尬', '紧张 & 嫉妒']",3,"['他对朋友的晚餐邀请表示感激 & 他的朋友把他最喜欢的食物送到他的家', '他松了一口气，房子很宽敞，他不必担心他的恐惧症 & 他对朋友的房子感到恐惧', '他认为他的朋友没有考虑到他的恐惧症 & 他可能在烧烤派对上赢得了奖杯', '他的朋友把他最喜欢的食物送到他的家 & 他可能在烧烤派对上赢得了奖杯', '他对朋友的晚餐邀请表示感激 & 他松了一口气，房子很宽敞，他不必担心他的恐惧症', '他松了一口气，房子很宽敞，他不必担心他的恐惧症 & 他可能在烧烤派对上赢得了奖杯']",4,"(d) 释怀 & 感激""}",3,"(e)""}",4,"(d) 释怀 & 感激""}",3,"(e)""}",4,"(d) 释怀 & 感激""}",3,"(e)""}",4,"(d) 释怀 & 感激""}",3,"(e)""}",4,"(d) 释怀 & 感激""}",3,"(e)""}",4
"['信任', '惊喜', '生气', '失望', '绝望', '伤心']",1,"['他不用在一大群人面前发表演讲，否则他会很焦虑', '他期待在大型聚会上发言', '他希望有更多的人来参加', '他希望通过发表演讲来克服他的社交焦虑。']",0,"(b) 惊喜""}",1,"(a)""}",0,"(d) 失望""}",3,"(c) 他希望有更多的人来参加""}",2,"(d) 失望""}",3,"(c) 他希望有更多的人来参加""}",2,"(d) 失望""}",3,"(c) 他希望有更多的人来参加""}",2,"(d) 失望""}",3,"(c) 他希望有更多的人来参加""}",2
"['释怀 & 生气', '生气 & 害怕', '释怀 & 伤感', '伤感 & 害怕', '释怀 & 愧疚', '释怀 & 伤心']",5,"['萨拉不想在那么高的地方', '萨拉对于数字13有迷信', '萨拉找到了一个更好的工作', '萨拉害怕坐电梯']",1,"(e) 释怀 & 愧疚""}",4,"(b) 萨拉对于数字13有迷信""}",1,"(d) 伤感 & 害怕""}",3,"(b) 萨拉对于数字13有迷信""}",1,"(d) 伤感 & 害怕""}",3,"(b) 萨拉对于数字13有迷信""}",1,"(d) 伤感 & 害怕""}",3,"(b) 萨拉对于数字13有迷信""}",1,"(d) 伤感 & 害怕""}",3,"(b) 萨拉对于数字13有迷信""}",1
"['嫉妒', '惊喜', '尴尬', '感激', '失望', '好奇']",4,"['他的女朋友给他们的约会策划了一个惊喜', '他的女朋友将要参加一个有趣的派对', '他的女朋友打算和别人而不是他在一起待着', '他的女朋友忘记了他们的日程']",3,"(e) 失望""}",4,"(c) 他的女朋友打算和别人而不是他在一起待着""}",2,"(e) 失望""}",4,"(c) 他的女朋友打算和别人而不是他在一起待着""}",2,"(e) 失望""}",4,"(c) 他的女朋友打算和别人而不是他在一起待着""}",2,"(e) 失望""}",4,"(c) 他的女朋友打算和别人而不是他在一起待着""}",2,"(e) 失望""}",4,"(c) 他的女朋友打算和别人而不是他在一起待着""}",2
"['激动', '伤感', '愧疚', '失望', '感激', '尴尬']",0,"['她对雅各布忘记了他们的约会感到难过', '她的男朋友支持她参加派对的决定', '她将要参加一个非常有趣的派对', '她忘记了和雅各布的约会']",2,"(e) 感激""}",4,"(b) 她的男朋友支持她参加派对的决定""}",1,"(c) 愧疚""}",2,"(d) 她忘记了和雅各布的约会""}",3,"(c) 愧疚""}",2,"(d) 她忘记了和雅各布的约会""}",3,"(c) 愧疚""}",2,"(d) 她忘记了和雅各布的约会""}",3,"(c) 愧疚""}",2,"(d) 她忘记了和雅各布的约会""}",3
"['失望', '嫉妒', '伤心', '愧疚', '激动', '感激']",0,"['她在一大群人面前演出的很好', '她最喜欢的艺术家没有参加她的演出', '她觉得她没表演好', '她因为模仿别的艺术家的风格而被赞赏']",3,"(e) 激动""}",4,"(a)""}",0,"(e) 激动""}",4,"(a)""}",0,"(e) 激动""}",4,"(a)""}",0,"(e) 激动""}",4,"(a)""}",0,"(e) 激动""}",4,"(a)""}",0
"['释怀', '生气', '尴尬', '愧疚', '绝望', '钦佩']",0,"['小格担心工作的责任', '小格担心即将到来的面试', '他被他不喜欢的工作拒绝了', '小格害怕让他的家人失望']",2,"(a) 释怀""}",0,"(c) 他被他不喜欢的工作拒绝了""}",2,"(a) 释怀""}",0,"(c)""}",2,"(a) 释怀""}",0,"(c)""}",2,"(a) 释怀""}",0,"(c) 他被他不喜欢的工作拒绝了""}",2,"(a) 释怀""}",0,"(c) 他被他不喜欢的工作拒绝了""}",2
"['失望', '释怀', '绝望', '反感', '紧张', '惊讶']",1,"['这个实验比他预期的要简单', '他成功达到了实验的预期结果', '约翰能够完成一次实验并得到令人惊讶的结果', '约翰擅长的科学实验，他通常不会去做']",1,"(b) 释怀""}",1,"(b) 他成功达到了实验的预期结果""}",1,"(b) 释怀""}",1,"(b) 他成功达到了实验的预期结果""}",1,"(b) 释怀""}",1,"(b) 他成功达到了实验的预期结果""}",1,"(b) 释怀""}",1,"(b)""}",1,"(b) 释怀""}",1,"(b) 他成功达到了实验的预期结果""}",1
"['绝望', '感激', '悔恨', '钦佩', '反对', '释怀']",3,"['他教给约翰物理学中的一个难懂的概念', '中文场景：约翰向他寻求帮助，以进行实验', '他很高兴约翰与他分享了结果', '他的学生成功地完成了实验']",3,"(f) 释怀""}",5,"(d)""}",3,"(f) 释怀""}",5,"(d)""}",3,"(f) 释怀""}",5,"(d)""}",3,"(f) 释怀""}",5,"(d)""}",3,"(f) 释怀""}",5,"(d)""}",3
"['激动 & 愧疚', '激动 & 嫉妒', '释怀 & 激动', '释怀 & 绝望', '激动 & 绝望', '激动 & 失望']",2,"['她松了一口气，因为这个男人也对她感兴趣 & 她觉得这次约会很尴尬', '她松了一口气，因为这个男人也对她感兴趣 & 她没想到那个男生会如此有魅力', '她松了一口气，因为这个男人也对她感兴趣 & 她通过约会来摆脱她的恐惧', '她觉得这次约会很尴尬 & 珍妮喜欢在餐厅享用晚餐', '她松了一口气，因为这个男人也对她感兴趣 & 她约会很愉快，很期待再见到那个人', '她没想到那个男生会如此有魅力 & 她觉得这次约会很尴尬']",4,"(c) 释怀 & 激动""}",2,"(b)""}",1,"(c) 释怀 & 激动""}",2,"(e)""}",4,"(c) 释怀 & 激动""}",2,"(b)""}",1,"(c) 释怀 & 激动""}",2,"(b)""}",1,"(c) 释怀 & 激动""}",2,"(b)""}",1
"['气恼', '开心', '伤心', '反对', '自豪', '愧疚']",1,"['艾琳想要上这节课', '她喜欢这个老师', '她成功逃课了', '她享受表演']",2,"(b) 开心""}",1,"(c) 她成功逃课了""}",2,"(b) 开心""}",1,"(c) 她成功逃课了""}",2,"(b) 开心""}",1,"(c) 她成功逃课了""}",2,"(b) 开心""}",1,"(c) 她成功逃课了""}",2,"(b) 开心""}",1,"(c) 她成功逃课了""}",2
"['惊喜', '自豪', '激动', '失望', '期待', '紧张']",3,"['他最喜欢的队伍在最后一刻出乎意料地赢得了比赛', '查理喊得太大声了', '亚历克斯的队伍并没有表现好。', '当他的球队即将赢得比赛时，最后一个对方突然的进球让他们输了']",3,"(d) 失望""}",3,"(d) 当他的球队即将赢得比赛时，最后一个对方突然的进球让他们输了""}",3,"(d) 失望""}",3,"(d)""}",3,"(d) 失望""}",3,"(d) 当他的球队即将赢得比赛时，最后一个对方突然的进球让他们输了""}",3,"(d) 失望""}",3,"(d)""}",3,"(d) 失望""}",3,"(d) 当他的球队即将赢得比赛时，最后一个对方突然的进球让他们输了""}",3
"['自豪', '惊喜', '失望', '紧张', '期待', '爱护']",1,"['当他的球队即将输掉比赛时，最后一个突然的进球使他们赢了', '他最喜欢的球队在最后一刻意外地输掉了比赛', '他很高兴看到亚历克斯不高兴', '他很享受酒吧里的气氛']",0,"(a) 自豪""}",0,"(a)""}",0,"(a) 自豪""}",0,"(a)""}",0,"(a) 自豪""}",0,"(a) 当他的球队即将输掉比赛时，最后一个突然的进球使他们赢了""}",0,"(a) 自豪""}",0,"(a) 当他的球队即将输掉比赛时，最后一个突然的进球使他们赢了""}",0,"(a) 自豪""}",0,"(a)""}",0
"['惊喜', '愧疚', '尴尬', '激动', '失望', '好奇']",0,"['阿娜莉亚在舞台上摔倒了', '观众因为她的笑话感到难过并哭泣。', '她的表演轮到结束，她不必再经历那样的事情了', '观众觉得她的笑话很好笑，因为他们都笑得哭出来了']",3,"(d) 激动""}",3,"(d)""}",3,"(d) 激动""}",3,"答案: (d) 观众觉得她的笑话很好笑，因为他们都笑得哭出来了""}",3,"(d) 激动""}",3,"(d) 观众觉得她的笑话很好笑，因为他们都笑得哭出来了""}",3,"(d) 激动""}",3,"(d)""}",3,"(d) 激动""}",3,"答案: d""}",3
"['自豪', '期待', '害怕', '紧张', '开心', '感激']",4,"['咖啡店让她回想起美好的记忆', '她正在享受一杯热可可，这让她感到温暖', '服务员让她感到困扰', '她可能有一个即将到来的截止日期']",1,"(e) 开心""}",4,"(b) 她正在享受一杯热可可，这让她感到温暖""}",1,"(e) 开心""}",4,"(b) 她正在享受一杯热可可，这让她感到温暖""}",1,"(e) 开心""}",4,"(b)""}",1,"(e) 开心""}",4,"(b) 她正在享受一杯热可可，这让她感到温暖""}",1,"(e) 开心""}",4,"(b)""}",1
"['愧疚', '害怕', '感激', '激动', '绝望', '反对']",3,"['他终于发现了代码中的错误，并准备解决它', '阿诺德不再需要解释他的代码了', '他的同事向他解释了解决方案', '他发现他的老板犯了一个错误']",0,"(b) 害怕""}",1,"(a) 他终于发现了代码中的错误，并准备解决它""}",0,"(b) 害怕""}",1,"(a) 他终于发现了代码中的错误，并准备解决它""}",0,"(a) 愧疚""}",0,"(a)""}",0,"(a) 愧疚""}",0,"(a) 他终于发现了代码中的错误，并准备解决它""}",0,"(a) 愧疚""}",0,"(a) 他终于发现了代码中的错误，并准备解决它""}",0
"['绝望', '愧疚', '反感', '自豪', '失望', '开心']",5,"['那一大群人喜欢他的演出', '他认为他的表演很糟糕', '他没有忘记歌词', '马克喜欢他开始的那首歌']",0,"(f) 开心""}",5,"(a)""}",0,"(f) 开心""}",5,"(a)""}",0,"(f) 开心""}",5,"(a)""}",0,"(f) 开心""}",5,"(a)""}",0,"(f) 开心""}",5,"(a)""}",0
"['悲观', '不关心', '紧张', '绝望', '反对', '惊喜']",5,"['她最终放弃了她的商业想法', '她事先知道结果却毫不在意', '她一直希望能遇到一位风险投资人', '她在快要放弃的时候收到了一份邀请']",3,"(f) 惊喜""}",5,"(d)""}",3,"(f) 惊喜""}",5,"(d) 她在快要放弃的时候收到了一份邀请""}",3,"(f) 惊喜""}",5,"(d) 她在快要放弃的时候收到了一份邀请""}",3,"(f) 惊喜""}",5,"(d) 她在快要放弃的时候收到了一份邀请""}",3,"(f) 惊喜""}",5,"(d) 她在快要放弃的时候收到了一份邀请""}",3
"['尴尬', '感激', '娱乐', '失望', '气恼', '释怀']",4,"['他们因为一个小事吵架', '他的朋友真诚地承认了错误', '他们在争论后和好了', '他的朋友承认错误时带有讽刺的口吻']",3,"(e) 气恼""}",4,"(d) 他的朋友承认错误时带有讽刺的口吻""}",3,"(e) 气恼""}",4,"(d) 他的朋友承认错误时带有讽刺的口吻""}",3,"(e) 气恼""}",4,"(d)""}",3,"(e) 气恼""}",4,"(d)""}",3,"(e) 气恼""}",4,"(d)""}",3
"['开心 & 紧张', '生气 & 激动', '开心 & 激动', '激动 & 紧张', '开心 & 反对', '开心 & 反感']",2,"['他很享受这种酒 & 那个饮料让他不再喜欢威士忌', '他很享受这种酒 & 他的朋友对他撒谎关于那个饮料的事.', '他并不喜欢那个饮料，但是对尝试另一个很兴奋 & 他的朋友对他撒谎关于那个饮料的事.', '他很享受这种酒 & 他期待自己接下来享受威士忌酒', '他期待自己接下来享受威士忌酒 & 那个饮料让他不再喜欢威士忌', '他并不喜欢那个饮料，但是对尝试另一个很兴奋 & 那个饮料让他不再喜欢威士忌']",3,"(c) 开心 & 激动""}",2,"(d) 他很享受这种酒 & 他期待自己接下来享受威士忌酒""}",3,"(c) 开心 & 激动""}",2,"(d) 他很享受这种酒 & 他期待自己接下来享受威士忌酒""}",3,"(c) 开心 & 激动""}",2,"(d) 他很享受这种酒 & 他期待自己接下来享受威士忌酒""}",3,"(c) 开心 & 激动""}",2,"(d) 他很享受这种酒 & 他期待自己接下来享受威士忌酒""}",3,"(c) 开心 & 激动""}",2,"(d)""}",3
"['自豪 & 失望', '尴尬 & 失望', '开心 & 感激', '自豪 & 愧疚', '自豪 & 开心', '愧疚 & 感激']",2,"['她收到了简的赞美 & 简帮助她完成了项目', '她收到了简的赞美 & 她不希望别人注意到她的腿', '抖腿是她高兴的一种标志 & 她不希望别人注意到她的腿', '抖腿是她高兴的一种标志 & 简帮助她完成了项目', '她很感激小简对她的关心 & 她收到了简的赞美', '抖腿是她高兴的一种标志 & 她很感激小简对她的关心']",5,"(e) 自豪 & 开心""}",4,"(f) 抖腿是她高兴的一种标志 & 她很感激小简对她的关心""}",5,"(c) 开心 & 感激""}",2,"(e) 她很感激小简对她的关心 & 她收到了简的赞美""}",4,"(c) 开心 & 感激""}",2,"(f) 抖腿是她高兴的一种标志 & 她很感激小简对她的关心""}",5,"(c) 开心 & 感激""}",2,"(f)""}",5,"(c) 开心 & 感激""}",2,"(f)""}",5
"['悔恨', '气恼', '开心', '嫉妒', '反感', '紧张']",5,"['她担心小薇在担心什么事情', '她对小薇抖腿感到不舒服', '她不理解小薇的项目', '她不明白为什么小薇感到开心']",0,"(c) 开心""}",2,"(a) 她担心小薇在担心什么事情""}",0,"(c) 开心""}",2,"(a) 她担心小薇在担心什么事情""}",0,"(c) 开心""}",2,"(a) 她担心小薇在担心什么事情""}",0,"(c) 开心""}",2,"(a)""}",0,"(c) 开心""}",2,"(a)""}",0
"['自豪', '开心', '悲观', '生气', '娱乐', '气恼']",0,"['他完成了他努力训练准备的马拉松比赛', '他不想感到疲惫', '他并没有赢得10英里的马拉松', '艾萨克是第一个越过终点线的人']",0,"(a) 自豪""}",0,"(a) 他完成了他努力训练准备的马拉松比赛""}",0,"(a) 自豪""}",0,"(a)""}",0,"(a) 自豪""}",0,"(a)""}",0,"(a) 自豪""}",0,"(a) 他完成了他努力训练准备的马拉松比赛""}",0,"(a) 自豪""}",0,"(a)""}",0
"['钦佩', '气恼', '激动', '开心', '自豪', '愧疚']",1,"['乔安妮想自己找一个伴侣，但是经常有匿名的爱慕者联系她', '乔安妮不喜欢收到任何形式的信件', '乔安妮喜欢拥有许多的仰慕者', '乔安妮在她的学校里找不到任何她喜欢的人']",0,"(b) 气恼""}",1,"(a) 乔安妮想自己找一个伴侣，但是经常有匿名的爱慕者联系她""}",0,"(b) 气恼""}",1,"(a) 乔安妮想自己找一个伴侣，但是经常有匿名的爱慕者联系她""}",0,"(b) 气恼""}",1,"(a) 乔安妮想自己找一个伴侣，但是经常有匿名的爱慕者联系她""}",0,"(b) 气恼""}",1,"(a)""}",0,"(b) 气恼""}",1,"(a)""}",0
"['充满希望', '气恼', '尴尬', '紧张', '开心', '愧疚']",0,"['萨拉不知道她是否够好。', '她正在尝试一种她以前从未尝试过的新喜剧草图', '她正在等待她的朋友到来', '她觉得自己为比赛做好了充分的准备']",3,"(a) 充满希望""}",0,"答案: (d) 她觉得自己为比赛做好了充分的准备""}",3,"(a) 充满希望""}",0,"答案: (d) 她觉得自己为比赛做好了充分的准备""}",3,"(a) 充满希望""}",0,"(d)""}",3,"(a) 充满希望""}",0,"(d)""}",3,"(a) 充满希望""}",0,"(d) 她觉得自己为比赛做好了充分的准备""}",3
"['期待 & 气恼', '娱乐 & 惊喜', '期待 & 愧疚', '期待 & 惊讶', '娱乐 & 愧疚', '气恼 & 愧疚']",2,"['他为了赢得选举而作弊 & 他不知道结果会是什么', '他知道他的朋友们为他公平地投票 & 他不知道结果会是什么', '他对自己的受欢迎程度充满信心 & 他不知道结果会是什么', '他知道由于朋友们的帮助，他会赢得选举 & 他不知道结果会是什么', '他知道由于朋友们的帮助，他会赢得选举 & 他对选举结果感到紧张', '他知道由于朋友们的帮助，他会赢得选举 & 他为了赢得选举而作弊']",5,"(f)""}",5,"(f)""}",5,"(f) 气恼 & 愧疚""}",5,"(f) 他知道由于朋友们的帮助，他会赢得选举 & 他为了赢得选举而作弊""}",5,"(f) 气恼 & 愧疚""}",5,"(f) 他知道由于朋友们的帮助，他会赢得选举 & 他为了赢得选举而作弊""}",5,"(f) 气恼 & 愧疚""}",5,"(f)""}",5,"(f) 气恼 & 愧疚""}",5,"(f)""}",5
"['尴尬', '期待', '惊喜', '气恼', '嫉妒', '没意识的']",0,"['她因为在布莱尔的房间里绊到玩具而感到尴尬', '她差点毁了她和简为布莱尔准备的生日惊喜', '她无缘无故地从简那里收到了愤怒的目光。', '茵迪因为忘记了布莱尔的生日而感到内疚']",1,"(a) 尴尬""}",0,"(b) 她差点毁了她和简为布莱尔准备的生日惊喜""}",1,"(a) 尴尬""}",0,"(b) 她差点毁了她和简为布莱尔准备的生日惊喜""}",1,"(a) 尴尬""}",0,"(b) 她差点毁了她和简为布莱尔准备的生日惊喜""}",1,"(a) 尴尬""}",0,"(b) 她差点毁了她和简为布莱尔准备的生日惊喜""}",1,"(a) 尴尬""}",0,"(b) 她差点毁了她和简为布莱尔准备的生日惊喜""}",1
"['嫉妒', '气恼', '惊喜', '没意识的', '期待', '尴尬']",1,"['简不喜欢布莱尔的房间', '茵迪差点毁了布莱尔的生日惊喜', '布莱尔对他们的惊喜计划似乎并不关心', '印度开始了一场并不有趣的对话']",1,"(f) 尴尬""}",5,"(b) 茵迪差点毁了布莱尔的生日惊喜""}",1,"(f) 尴尬""}",5,"(b) 茵迪差点毁了布莱尔的生日惊喜""}",1,"(f) 尴尬""}",5,"(b)""}",1,"(f) 尴尬""}",5,"(b) 茵迪差点毁了布莱尔的生日惊喜""}",1,"(f) 尴尬""}",5,"(b) 茵迪差点毁了布莱尔的生日惊喜""}",1
"['没意识的', '惊喜', '气恼', '嫉妒', '尴尬', '期待']",0,"['她想知道为什么布莱尔生气', '她感觉她的朋友们不喜欢她', '她不知道这个惊喜', '她期待一个非常棒的生日派对']",2,"(f) 期待""}",5,"(c)""}",2,"(f) 期待""}",5,"(c)""}",2,"(a) 没意识的""}",0,"(b)""}",1,"(f) 期待""}",5,"(c) 她不知道这个惊喜""}",2,"(f) 期待""}",5,"(c)""}",2
"['伤心 & 爱护', '伤心 & 悔恨', '尴尬 & 爱护', '生气 & 爱护', '伤心 & 嫉妒', '嫉妒 & 爱护']",3,"['她看到女儿高兴地微笑着 & 她想亲自给她的女儿巧克力', '她的母亲按照她的特定指示行事 & 蕾切尔不喜欢巧克力', '她看到女儿高兴地微笑着 & 蕾切尔不喜欢巧克力', '她的母亲按照她的特定指示行事 & 她忘了买一些巧克力', '蕾切尔不喜欢巧克力 & 她忘了买一些巧克力', '她对她妈妈给了她女儿很多巧克力很生气 & 她看到女儿高兴地微笑着']",5,"(d) 生气 & 爱护""}",3,"(f)""}",5,"(d) 生气 & 爱护""}",3,"(f)""}",5,"(d) 生气 & 爱护""}",3,"(f)""}",5,"(d) 生气 & 爱护""}",3,"(f)""}",5,"(d) 生气 & 爱护""}",3,"(f)""}",5
"['自豪 & 开心', '好奇 & 开心', '自豪 & 好奇', '尴尬 & 开心', '尴尬 & 失望', '失望 & 开心']",4,"['亚伦知道那个问题的正确答案 & 他的团队因他如此自信而欣赏他', '他发现他对一个他专业领域问题的回答是错误的 & 亚伦知道那个问题的正确答案', '亚伦知道那个问题的正确答案 & 他的队伍赢得了智力挑战', '尽管他对自己的选择很有信心，他给出了错误的答案 & 在给出正确答案之前，他对他的队友们开玩笑地眨了眨眼', '他发现他对一个他专业领域问题的回答是错误的 & 他的团队因他如此自信而欣赏他', '尽管他对自己的选择很有信心，他给出了错误的答案 & 他发现他对一个他专业领域问题的回答是错误的']",5,"(e) 尴尬 & 失望""}",4,"(b) 他发现他对一个他专业领域问题的回答是错误的 & 亚伦知道那个问题的正确答案""}",1,"(e) 尴尬 & 失望""}",4,"(b) 他发现他对一个他专业领域问题的回答是错误的 & 亚伦知道那个问题的正确答案""}",1,"(e) 尴尬 & 失望""}",4,"(b) 他发现他对一个他专业领域问题的回答是错误的 & 亚伦知道那个问题的正确答案""}",1,"(e) 尴尬 & 失望""}",4,"(b) 他发现他对一个他专业领域问题的回答是错误的 & 亚伦知道那个问题的正确答案""}",1,"(e) 尴尬 & 失望""}",4,"(b) 他发现他对一个他专业领域问题的回答是错误的 & 亚伦知道那个问题的正确答案""}",1
"['娱乐', '好奇', '失望', '害怕', '开心', '惊喜']",2,"['她并未在预期的日期毕业', '她喜欢她父母给她的礼物', '她预期她的父母会在她的毕业典礼上缺席', '她不喜欢那个惊喜礼物']",3,"(c) 失望""}",2,"(d)""}",3,"(c) 失望""}",2,"(d)""}",3,"(c) 失望""}",2,"(d)""}",3,"(c) 失望""}",2,"(d)""}",3,"(c) 失望""}",2,"(d)""}",3
"['尴尬', '紧张', '嫉妒', '反感', '感激', '害怕']",1,"['她不喜欢自己苍白的脸', '她又低血糖了', '她被安迪吓到了', '她的朋友很担心她']",1,"(e) 感激""}",4,"(d)""}",3,"(e) 感激""}",4,"(d) 她的朋友很担心她""}",3,"(e) 感激""}",4,"(d) 她的朋友很担心她""}",3,"(e) 感激""}",4,"(d) 她的朋友很担心她""}",3,"(e) 感激""}",4,"(d)""}",3
"['紧张', '爱护', '娱乐', '愧疚', '好奇', '尴尬']",2,"['她很担心自己的朋友', '她没有给罗西带巧克力', '她在开玩笑来缓和气氛', '她因为吓到了罗西感到很糟']",2,"(b) 爱护""}",1,"(a)""}",0,"(b) 爱护""}",1,"(a) 她很担心自己的朋友""}",0,"(b) 爱护""}",1,"(a)""}",0,"(b) 爱护""}",1,"(a)""}",0,"(b) 爱护""}",1,"(a) 她很担心自己的朋友""}",0
"['害怕 & 期待', '尴尬 & 期待', '失望 & 开心', '尴尬 & 失望', '失望 & 期待', '开心 & 害怕']",3,"['小拉两天前来我家拜访，那是在她生日之前 & 我很高兴小拉喜欢我的礼物', '小拉不喜欢我送给她的生日礼物 & 我知道小拉不喜欢玩偶', '小拉说我给她买的礼物很丑 & 我想让小拉知道我为她准备了什么礼物', '小拉说我给她买的礼物很丑 & 我很高兴小拉喜欢我的礼物', '小拉两天前来我家拜访，那是在她生日之前 & 我知道小拉不喜欢玩偶', '小拉说我给她买的礼物很丑 & 小拉不喜欢我送给她的生日礼物']",5,"(d) 尴尬 & 失望""}",3,"(b) 小拉不喜欢我送给她的生日礼物 & 我知道小拉不喜欢玩偶""}",1,"(d) 尴尬 & 失望""}",3,"(b) 小拉不喜欢我送给她的生日礼物 & 我知道小拉不喜欢玩偶""}",1,"(d) 尴尬 & 失望""}",3,"(b) 小拉不喜欢我送给她的生日礼物 & 我知道小拉不喜欢玩偶""}",1,"(b) 尴尬 & 期待""}",1,"(b) 小拉不喜欢我送给她的生日礼物 & 我知道小拉不喜欢玩偶""}",1,"(d) 尴尬 & 失望""}",3,"(b) 小拉不喜欢我送给她的生日礼物 & 我知道小拉不喜欢玩偶""}",1
"['尴尬', '生气', '惊喜', '期待', '反感', '反对']",2,"['她对这个娃娃的丑陋感到惊讶和好笑', '她知道她的礼物会是什么', '她无法相信我送给她那么糟糕的礼物', '她喜欢开玩偶的笑话']",0,"(c) 惊喜""}",2,"(a)""}",0,"(c) 惊喜""}",2,"(a)""}",0,"(c) 惊喜""}",2,"(a)""}",0,"(c) 惊喜""}",2,"(a)""}",0,"(c) 惊喜""}",2,"(a)""}",0
"['开心 & 紧张 & 自豪', '没意识的 & 开心 & 反对', '反对 & 紧张 & 尴尬', '开心 & 反对 & 自豪', '开心 & 愧疚 & 紧张', '反对 & 愧疚 & 尴尬']",1,"['她不知道辛巴就是她最好的朋友哈里 & 她很喜欢这场演出 & 她不想让她的朋友感到难过', '她不知道辛巴就是她最好的朋友哈里 & 她很喜欢这场演出 & 她不喜欢辛巴的表演', '她不知道辛巴就是她最好的朋友哈里 & 她不想让她的朋友感到难过 & 她不喜欢哈利的化妆', '她很喜欢这场演出 & 她想要批评哈利的表演 & 她不想让她的朋友感到难过', '《狮子王》是她最喜欢的电影 & 她想要批评哈利的表演 & 她不喜欢哈利的化妆', '她想要批评哈利的表演 & 她不想让她的朋友感到难过 & 她不喜欢哈利的化妆']",1,"(e) 开心 & 愧疚 & 紧张""}",4,"(a)""}",0,"(e) 开心 & 愧疚 & 紧张""}",4,"(a)""}",0,"(a) 开心 & 紧张 & 自豪""}",0,"(a)""}",0,"(e) 开心 & 愧疚 & 紧张""}",4,"(a)""}",0,"(c) 反对 & 紧张 & 尴尬""}",2,"(a)""}",0
"['期待', '开心', '悔恨', '感激', '尴尬', '害怕']",4,"['他的表演是他的好朋友唯一不喜欢的部分', '小哈的朋友出现并支持他的表演', '娜伊拉并未在他的化妆中认出小哈', '娜伊拉没有机会在后台见到小哈']",0,"(e) 尴尬""}",4,"(a)""}",0,"(e) 尴尬""}",4,"(a) 他的表演是他的好朋友唯一不喜欢的部分""}",0,"(e) 尴尬""}",4,"(a)""}",0,"(b) 开心""}",1,"(b)""}",1,"(b) 开心""}",1,"(b)""}",1
"['气恼', '生气', '尴尬', '没意识的', '愧疚', '反感']",3,"['萨曼莎没告诉她她会提前到达', '因为她没有意识到自己的问题', '她忘记告诉萨曼莎正确的时间', '她忘记邀请萨曼莎来吃晚餐']",1,"(c) 尴尬""}",2,"(b) 因为她没有意识到自己的问题""}",1,"(c) 尴尬""}",2,"(b) 因为她没有意识到自己的问题""}",1,"(c) 尴尬""}",2,"(b) 因为她没有意识到自己的问题""}",1,"(c) 尴尬""}",2,"(b) 因为她没有意识到自己的问题""}",1,"(c) 尴尬""}",2,"(b) 因为她没有意识到自己的问题""}",1
"['感激', '尴尬', '嫉妒', '气恼', '没意识的', '激动']",3,"['因为她是唯一一个出现在酒吧并觉得自己被放鸽子的人', '她迟到了晚餐会议', '她没有像其他人那样被邀请参加晚餐。', '她没有收到小杨的信息']",0,"(b) 尴尬""}",1,"(a) 因为她是唯一一个出现在酒吧并觉得自己被放鸽子的人""}",0,"(b) 尴尬""}",1,"(a) 因为她是唯一一个出现在酒吧并觉得自己被放鸽子的人""}",0,"(b) 尴尬""}",1,"(a)""}",0,"(b) 尴尬""}",1,"(a) 因为她是唯一一个出现在酒吧并觉得自己被放鸽子的人""}",0,"(b) 尴尬""}",1,"(a) 因为她是唯一一个出现在酒吧并觉得自己被放鸽子的人""}",0
"['尴尬', '爱护', '没意识的', '愧疚', '紧张', '开心']",0,"['当约翰嘲笑他的画时，爱丽丝保持沉默', '马克早早就来到了游戏之夜', '他的朋友侮辱了他的画', '当马克到达时，他还在布置场地。']",2,"(a) 尴尬""}",0,"(c) 他的朋友侮辱了他的画""}",2,"(a) 尴尬""}",0,"(c) 他的朋友侮辱了他的画""}",2,"(a) 尴尬""}",0,"(c) 他的朋友侮辱了他的画""}",2,"(a) 尴尬""}",0,"(c) 他的朋友侮辱了他的画""}",2,"(a) 尴尬""}",0,"(c) 他的朋友侮辱了他的画""}",2
"['开心 & 尴尬', '没意识的 & 尴尬', '没意识的 & 愧疚', '尴尬 & 愧疚', '开心 & 没意识的', '没意识的 & 爱护']",4,"['他觉得这幅画很好笑 & 他对提前到达感到高兴', '他认为这幅画是由专业的艺术家制作的 & 他专注于即将来临的游戏之夜', '他觉得这幅画很好笑 & 他不知道约翰是画这幅画的人', '他不知道约翰是画这幅画的人 & 他对提前到达感到高兴', '他认为这幅画是由专业的艺术家制作的 & 他对提前到达感到高兴', '他觉得这幅画很好笑 & 他认为这幅画是由专业的艺术家制作的']",2,"(b) 没意识的 & 尴尬""}",1,"(c) 他觉得这幅画很好笑 & 他不知道约翰是画这幅画的人""}",2,"(d) 尴尬 & 愧疚""}",3,"(c)""}",2,"(d) 尴尬 & 愧疚""}",3,"(c) 他觉得这幅画很好笑 & 他不知道约翰是画这幅画的人""}",2,"(d) 尴尬 & 愧疚""}",3,"(c)""}",2,"(b) 没意识的 & 尴尬""}",1,"(c)""}",2
"['没意识的', '尴尬', '爱护', '愧疚', '开心', '紧张']",2,"['她认为抽象艺术品是一件杰作', '她知道约翰会欣赏早到的玩家', '她喜欢在游戏之夜的友好竞争。', '她明白马克的评价会让约翰不高兴']",3,"(b) 尴尬""}",1,"(d)""}",3,"(b) 尴尬""}",1,"(d)""}",3,"(c) 爱护""}",2,"(d)""}",3,"(c) 爱护""}",2,"(d) 她明白马克的评价会让约翰不高兴""}",3,"(c) 爱护""}",2,"(d)""}",3
"['反感', '感激', '尴尬', '娱乐', '失望', '紧张']",0,"['她问到有股难闻的味道', '米娜的妈妈使用了米娜讨厌的食材', '她不想批评她妈妈的烹饪', '家里的一些食物已经变质']",0,"(a) 反感""}",0,"(a) 她问到有股难闻的味道""}",0,"(a) 反感""}",0,"(a) 她问到有股难闻的味道""}",0,"(a) 反感""}",0,"(a) 她问到有股难闻的味道""}",0,"(a) 反感""}",0,"(a) 她问到有股难闻的味道""}",0,"(a) 反感""}",0,"(a) 她问到有股难闻的味道""}",0
"['失望', '尴尬', '感激', '反感', '紧张', '娱乐']",1,"['她女儿告诉她做的饭菜难闻', '米娜的朋友们嘲笑她的烹饪技巧', '她认为米娜的评论很有趣', '她发现他们家里的一些食物已经变质']",0,"(a) 失望""}",0,"(a) 她女儿告诉她做的饭菜难闻""}",0,"(a) 失望""}",0,"(a) 她女儿告诉她做的饭菜难闻""}",0,"(a) 失望""}",0,"(a) 她女儿告诉她做的饭菜难闻""}",0,"(a) 失望""}",0,"(a) 她女儿告诉她做的饭菜难闻""}",0,"(a) 失望""}",0,"(a) 她女儿告诉她做的饭菜难闻""}",0
"['不关心', '失望', '伤感', '反感', '娱乐', '充满希望']",4,"['她觉得那些舞步出奇地好笑', '强迫的笑声显示出艾米丽的挫败感', '她恶作剧地戏弄她的朋友莎拉，知道她会生气', '艾米丽不喜欢这个节目。']",0,"(e) 娱乐""}",4,"(a) 她觉得那些舞步出奇地好笑""}",0,"(e) 娱乐""}",4,"(a) 她觉得那些舞步出奇地好笑""}",0,"(e) 娱乐""}",4,"(a) 她觉得那些舞步出奇地好笑""}",0,"(c) 伤感""}",2,"(b) 强迫的笑声显示出艾米丽的挫败感""}",1,"(e) 娱乐""}",4,"(a)""}",0
"['伤感', '充满希望', '反感', '不关心', '反对', '娱乐']",4,"['这场表演并未达到她的期望。', '她很难过她朋友对自己欣赏的表演大笑', '她不喜欢表演者的舞步', '莎拉认为这场演出会在以后变得更好']",1,"(a) 伤感""}",0,"(b)""}",1,"(c) 反感""}",2,"(b) 她很难过她朋友对自己欣赏的表演大笑""}",1,"(c) 反感""}",2,"(b) 她很难过她朋友对自己欣赏的表演大笑""}",1,"(c) 反感""}",2,"(b) 她很难过她朋友对自己欣赏的表演大笑""}",1,"(a) 伤感""}",0,"(b)""}",1
"['反感 & 没意识的', '尴尬 & 反感', '开心 & 愧疚', '开心 & 反感', '尴尬 & 没意识的', '没意识的 & 感激']",0,"['珍妮弗知道小珐不喜欢吃千层面 & 小珐很感激珍妮弗为她做的饭菜。', '小珐不知道珍妮弗是这么糟糕的厨师 & 小珐很感激珍妮弗为她做的饭菜。', '她不喜欢那份千层面的味道 & 珍妮弗知道小珐不喜欢吃千层面', '她不喜欢那份千层面的味道 & 她不知道詹妮正在吃素，', '她不知道詹妮正在吃素， & 珍妮弗知道小珐不喜欢吃千层面', '珍妮弗没有告诉小珐关于晚餐的事 & 珍妮弗知道小珐不喜欢吃千层面']",3,"(b) 尴尬 & 反感""}",1,"(d) 她不喜欢那份千层面的味道 & 她不知道詹妮正在吃素，""}",3,"(b) 尴尬 & 反感""}",1,"(d) 她不喜欢那份千层面的味道 & 她不知道詹妮正在吃素，""}",3,"(b) 尴尬 & 反感""}",1,"(d) 她不喜欢那份千层面的味道 & 她不知道詹妮正在吃素，""}",3,"(b) 尴尬 & 反感""}",1,"(d) 她不喜欢那份千层面的味道 & 她不知道詹妮正在吃素，""}",3,"(b) 尴尬 & 反感""}",1,"(d) 她不喜欢那份千层面的味道 & 她不知道詹妮正在吃素""}",3
"['伤心', '开心', '娱乐', '感激', '反感', '期待']",0,"['她的邻居批评她做的菜，并对它感到厌恶', '她很高兴法蒂玛喜欢她的食物', '法蒂玛建议把肉放在烤宽面条里会更好', '詹妮不喜欢她做的菜。']",0,"(a) 伤心""}",0,"(a)""}",0,"(a) 伤心""}",0,"(a)""}",0,"(a) 伤心""}",0,"(a)""}",0,"(a) 伤心""}",0,"(a)""}",0,"(a) 伤心""}",0,"(a)""}",0
"['伤感', '伤心', '失望', '娱乐', '爱护', '尴尬']",5,"['他的同事喜欢他的鞋子', '杰克迟到了会议', '杰克忘记带会议的演示', '他的同事指出他那双不相配的鞋子']",3,"(f) 尴尬""}",5,"(d)""}",3,"(f) 尴尬""}",5,"(d)""}",3,"(f) 尴尬""}",5,"(d) 他的同事指出他那双不相配的鞋子""}",3,"(f) 尴尬""}",5,"(d)""}",3,"(f) 尴尬""}",5,"(d)""}",3
"['伤感', '娱乐', '失望', '尴尬', '爱护', '伤心']",1,"['他庆幸的是做出了时尚错误的不是他', '杰克迟到了他们的重要会议', '他早早地到达了会议', '他觉得杰克那双不相配的鞋子很好笑']",3,"(b) 娱乐""}",1,"(d) 他觉得杰克那双不相配的鞋子很好笑""}",3,"(b) 娱乐""}",1,"(d)""}",3,"(b) 娱乐""}",1,"(d) 他觉得杰克那双不相配的鞋子很好笑""}",3,"(b) 娱乐""}",1,"(d) 他觉得杰克那双不相配的鞋子很好笑""}",3,"(b) 娱乐""}",1,"(d) 他觉得杰克那双不相配的鞋子很好笑""}",3
"['开心', '悔恨', '期待', '感激', '尴尬', '愧疚']",4,"['扎克说她的奶奶看起来比实际年龄年轻', '艾瓦的新男朋友是扎克', '扎克没有受到她家人的热烈欢迎', '她男友把她奶奶喊老了20岁']",3,"(e) 尴尬""}",4,"(a) 扎克说她的奶奶看起来比实际年龄年轻""}",0,"(e) 尴尬""}",4,"(d)""}",3,"(e)""}",4,"(a) 扎克说她的奶奶看起来比实际年龄年轻""}",0,"(e)""}",4,"(a)""}",0,"(e) 尴尬""}",4,"(d)""}",3
"['爱护', '开心', '愧疚', '感激', '悔恨', '尴尬']",0,"['阿瓦对她的祖母的年龄撒了谎', '他决定向艾瓦的奶奶表示关爱，夸奖了她', '阿瓦的家人并不热情', '扎克错误地称阿瓦的祖母比她实际的年龄大']",1,"(f) 尴尬""}",5,"(d)""}",3,"(f) 尴尬""}",5,"(d)""}",3,"(f) 尴尬""}",5,"(d)""}",3,"(f) 尴尬""}",5,"(d)""}",3,"(f) 尴尬""}",5,"(d) 扎克错误地称阿瓦的祖母比她实际的年龄大""}",3
"['尴尬', '嫉妒', '愧疚', '感激', '爱护', '反对']",4,"['莎莎对同事的时尚感同情', '莎莎因为叫她的同事胆小鬼而感到内疚', '她想用蹩脚的西班牙语来赞美她的同事', '莎莎在间接地向同事寻求语言帮助']",2,"(a) 尴尬""}",0,"(c)""}",2,"(a) 尴尬""}",0,"(c)""}",2,"(a) 尴尬""}",0,"(c) 她想用蹩脚的西班牙语来赞美她的同事""}",2,"(a) 尴尬""}",0,"(c)""}",2,"(a) 尴尬""}",0,"(c)""}",2
"['尴尬', '爱护', '反对', '感激', '愧疚', '嫉妒']",2,"['莎莎对她的西班牙语水平表示不尊重', '莎莎赞美了她的穿着', '莎莎正在努力学习西班牙语', '她对萨沙的用词感到惊讶 也对萨沙批评她的着装感到难过']",3,"(a) 尴尬""}",0,"(d) 她对萨沙的用词感到惊讶 也对萨沙批评她的着装感到难过""}",3,"(a) 尴尬""}",0,"(d)""}",3,"(a) 尴尬""}",0,"(a) 莎莎对她的西班牙语水平表示不尊重""}",0,"(a) 尴尬""}",0,"(d)""}",3,"(a) 尴尬""}",0,"(d)""}",3
"['反对 & 不关心', '嫉妒 & 尴尬', '愧疚 & 反对', '尴尬 & 愧疚', '反对 & 开心', '嫉妒 & 愧疚']",0,"['他嫉妒托马斯的新家 & 他为批评托马斯的房子感到难过', '他不关心房子里的许多功能 & 他为批评托马斯的房子感到难过', '他认为房子的很多功能都是没必要的 & 他嫉妒托马斯的新家', '他更喜欢住在旧的，更传统的房子里 & 他为批评托马斯的房子感到难过', '他认为房子的很多功能都是没必要的 & 他不关心房子里的许多功能', '他认为房子的很多功能都是没必要的 & 他更喜欢住在旧的，更传统的房子里']",4,"(b) 嫉妒 & 尴尬""}",1,"(c)""}",2,"(b) 嫉妒 & 尴尬""}",1,"(c)""}",2,"(b) 嫉妒 & 尴尬""}",1,"(c)""}",2,"(d) 尴尬 & 愧疚""}",3,"(b)""}",1,"(d) 尴尬 & 愧疚""}",3,"(b)""}",1
"['失望', '自豪', '开心', '娱乐', '期待', '气恼']",0,"['他的房子比奥利弗的房子好太多了', '他的朋友对他觉得兴奋不已的房子不以为然', '他不在乎奥利弗的评论', '奥利弗也为他的房子感到兴奋']",1,"(a) 失望""}",0,"(b) 他的朋友对他觉得兴奋不已的房子不以为然""}",1,"(a) 失望""}",0,"(b) 他的朋友对他觉得兴奋不已的房子不以为然""}",1,"(a) 失望""}",0,"(b) 他的朋友对他觉得兴奋不已的房子不以为然""}",1,"(f) 气恼""}",5,"(b) 他的朋友对他觉得兴奋不已的房子不以为然""}",1,"(a) 失望""}",0,"(b)""}",1
"['没意识的', '激动', '失望', '厌倦', '愧疚', '紧张']",2,"['年轻设计师的系列作品不好', '她的朋友真的很喜欢这个表演', '琳达对邀请梅利莎感到抱歉，因为她很累', '她的朋友不喜欢她欣赏的秀']",3,"(c) 失望""}",2,"(d)""}",3,"(c) 失望""}",2,"(d) 她的朋友不喜欢她欣赏的秀""}",3,"(c) 失望""}",2,"(d)""}",3,"(c) 失望""}",2,"(d) 她的朋友不喜欢她欣赏的秀""}",3,"(c) 失望""}",2,"(d) 她的朋友不喜欢她欣赏的秀""}",3
"['激动 & 愧疚', '失望 & 厌倦', '激动 & 厌倦', '失望 & 愧疚', '厌倦 & 没意识的', '激动 & 紧张']",4,"['她很高兴自己能有些休息 & 她的时尚品味有所不同', '她觉得这个秀没意思 & 她不知道琳达欣赏这个秀', '她真的很喜欢这个演出 & 她不想让琳达感到不舒服', '她很高兴自己能有些休息 & 她真的很喜欢这个演出', '她的时尚品味有所不同 & 她不想让琳达感到不舒服', '她觉得这个秀没意思 & 她的时尚品味有所不同']",1,"(a) 激动 & 愧疚""}",0,"(b)""}",1,"(e) 厌倦 & 没意识的""}",4,"(b)""}",1,"(b) 失望 & 厌倦""}",1,"(f)""}",5,"(a) 激动 & 愧疚""}",0,"(b)""}",1,"(b) 失望 & 厌倦""}",1,"(f) 她觉得这个秀没意思 & 她的时尚品味有所不同""}",5
"['惊喜', '尴尬', '紧张', '伤心', '自豪', '失望']",4,"['我的老师不欣赏我的辛勤工作', '我在难题上失败了', '我在一次困难的考试中表现出色', '我以为我得了最低的分数，但它是最高的']",2,"(d) 伤心""}",3,"(a)""}",0,"(d) 伤心""}",3,"(a) 我的老师不欣赏我的辛勤工作""}",0,"(d) 伤心""}",3,"(a) 我的老师不欣赏我的辛勤工作""}",0,"(d) 伤心""}",3,"(a)""}",0,"(d) 伤心""}",3,"(a) 我的老师不欣赏我的辛勤工作""}",0
"['反感', '尴尬', '伤心', '反对', '惊喜', '绝望']",4,"['我得到了班级中最低的分数', '我得到了班级中最高的分数', '我在考试中的表现非常糟糕，因为我只得对了一个问题', '尽管我认为自己做得不好，但我在期末项目中只犯了一个错误']",3,"(e) 惊喜""}",4,"(d)""}",3,"(e) 惊喜""}",4,"(d) 尽管我认为自己做得不好，但我在期末项目中只犯了一个错误""}",3,"(e)""}",4,"(d) 尽管我认为自己做得不好，但我在期末项目中只犯了一个错误""}",3,"(e) 惊喜""}",4,"(d)""}",3,"(e) 惊喜""}",4,"(d) 尽管我认为自己做得不好，但我在期末项目中只犯了一个错误""}",3
"['尴尬', '反对', '钦佩', '娱乐', '生气', '伤心']",3,"['她期望有更传统的用餐体验', '她期待餐厅提供更好的服务', '她被女服务员的粗鲁言语冒犯了', '贝贝很高兴能在这里接受一次独特的待客体验']",3,"(e) 生气""}",4,"(b) 她期待餐厅提供更好的服务""}",1,"(e) 生气""}",4,"(b) 她期待餐厅提供更好的服务""}",1,"(a) 尴尬""}",0,"(a) 她期望有更传统的用餐体验""}",0,"(e) 生气""}",4,"(b)""}",1,"(e) 生气""}",4,"(b)""}",1
"['尴尬', '反对', '感激', '惊喜', '开心', '气恼']",0,"['布莱恩原本并不想参加，但他的朋友们逼他参加', '他真的很喜欢这个传统节日和节日食物', '他害怕他因为派太甜而无法吃完。', '他对这种味道感到恶心，但又害怕激怒做派的厨师']",3,"(c) 感激""}",2,"(d) 他对这种味道感到恶心，但又害怕激怒做派的厨师""}",3,"(c) 感激""}",2,"(d)""}",3,"(c) 感激""}",2,"(d)""}",3,"(c) 感激""}",2,"(d)""}",3,"(c) 感激""}",2,"(d)""}",3
"['反感', '紧张', '尴尬', '无感', '悲观', '悔恨']",3,"['提米以为他会在地理考试中得高分', '他有很多朋友支持他', '他习惯了在所有科目上得分低于预期或不及格', '他对一直失败感到厌烦']",2,"(e) 悲观""}",4,"(c) 他习惯了在所有科目上得分低于预期或不及格""}",2,"(e) 悲观""}",4,"(c) 他习惯了在所有科目上得分低于预期或不及格""}",2,"(e) 悲观""}",4,"(c) 他习惯了在所有科目上得分低于预期或不及格""}",2,"(e) 悲观""}",4,"(c)""}",2,"(e) 悲观""}",4,"(c)""}",2
"['嫉妒', '愧疚', '钦佩', '尴尬', '无感', '反对']",4,"['她对文森特的社交生活不太感兴趣', '她和阿文之间的关系是假的，没有任何感情可言', '她对与文森特的关系充满信心', '她认为那个女孩可能会从她那里抢走文森特']",1,"(a) 嫉妒""}",0,"(d)""}",3,"(a) 嫉妒""}",0,"(d)""}",3,"(a) 嫉妒""}",0,"(d)""}",3,"(a) 嫉妒""}",0,"(d) 她认为那个女孩可能会从她那里抢走文森特""}",3,"(a) 嫉妒""}",0,"(d)""}",3
"['无感', '反感', '尴尬', '充满希望', '愧疚', '感激']",0,"['他考试不及格，不想再次失败。', '他对第一场考试失败毫无感觉，并试图再次作弊', '尼克非常擅长数学，他知道他可以不用学习就能考试得高分', '尼克以为这次他不会被抓住']",1,"(b) 反感""}",1,"(a) 他考试不及格，不想再次失败。""}",0,"(e) 愧疚""}",4,"(a)""}",0,"(e) 愧疚""}",4,"(a)""}",0,"(b) 反感""}",1,"(a) 他考试不及格，不想再次失败。""}",0,"(e) 愧疚""}",4,"(a)""}",0
"['惊讶', '伤心', '反对', '愧疚', '感激', '娱乐']",4,"['小安被萨莉的蛋糕盒成功地戏弄了', '小萨给她买了她想要的蛋糕', '萨莉没有买她想要的蛋糕', '她不知道萨莉买给她的是巧克力蛋糕']",1,"(b) 伤心""}",1,"(c) 萨莉没有买她想要的蛋糕""}",2,"(b) 伤心""}",1,"(c) 萨莉没有买她想要的蛋糕""}",2,"(b) 伤心""}",1,"(c) 萨莉没有买她想要的蛋糕""}",2,"(b) 伤心""}",1,"(c)""}",2,"(b) 伤心""}",1,"(c) 萨莉没有买她想要的蛋糕""}",2
"['尴尬', '感激', '娱乐', '愧疚', '伤心', '反对']",2,"['她为购买香草蛋糕盒感到内疚', '她对商店的巧克力蛋糕卖完感到沮丧', '她想和小安开个玩笑', '她对不得不对蛋糕的味道撒谎感到不开心']",2,"(a) 尴尬""}",0,"(d)""}",3,"(a) 尴尬""}",0,"(a) 她为购买香草蛋糕盒感到内疚""}",0,"(a) 尴尬""}",0,"(d)""}",3,"(a) 尴尬""}",0,"(d)""}",3,"(a) 尴尬""}",0,"(a) 她为购买香草蛋糕盒感到内疚
(b) 她对商店的巧克力蛋糕卖完感到沮丧
(d) 她对不得不对蛋糕的味道撒谎感到不开心""}",3
"['开心', '不关心', '绝望', '悔恨', '伤感', '悲痛']",0,"['我和祖母非常亲近', '在我们的文化中，我们庆祝死亡', '我想起了和她一起的回忆', '我不在乎我的祖母']",1,"(f) 悲痛""}",5,"(a) 我和祖母非常亲近""}",0,"(f) 悲痛""}",5,"(a) 我和祖母非常亲近""}",0,"(f) 悲痛""}",5,"(a) 我和祖母非常亲近""}",0,"(f) 悲痛""}",5,"(a) 我和祖母非常亲近
(c) 我想起了和她一起的回忆""}",2,"(f) 悲痛""}",5,"(a) 我和祖母非常亲近""}",0
"['钦佩', '娱乐', '感激', '失望', '自豪', '不关心']",3,"['我的父母不懂我到底想要什么', '我想要一个不同的礼物', '我的父母送了我一辆完好无损的车', '我想要一个生锈的车，却得到了一个新的']",3,"(c) 感激""}",2,"(c)""}",2,"(c) 感激""}",2,"(c)""}",2,"(c) 感激""}",2,"(c)""}",2,"(c) 感激""}",2,"(c)""}",2,"(c) 感激""}",2,"(c) 我的父母送了我一辆完好无损的车""}",2
"['气恼', '紧张', '激动', '失望', '反感', '不关心']",2,"['她没带多余的衣服可换', '因为她的文化影响，她喜欢被雨淋得湿透', '她被淋得湿透，只能穿着湿衣服工作', '她把雨伞忘在了宿舍']",1,"(a) 气恼""}",0,"(a)""}",0,"(a) 气恼""}",0,"(a) 她没带多余的衣服可换""}",0,"(a) 气恼""}",0,"(a) 她没带多余的衣服可换""}",0,"(a) 气恼""}",0,"(a)""}",0,"(a) 气恼""}",0,"(a) 她没带多余的衣服可换""}",0
"['生气', '尴尬', '绝望', '期待', '惊喜', '自豪']",4,"['他因为良好的职业道德而受到认可', '他将因为粉色的解雇通知单而丢掉工作', '他在工作上犯了严重的错误', '他的经历对他的表现不满']",0,"(a) 生气""}",0,"(b) 他将因为粉色的解雇通知单而丢掉工作""}",1,"(a) 生气""}",0,"(b) 他将因为粉色的解雇通知单而丢掉工作""}",1,"(a) 生气""}",0,"(d)""}",3,"(a) 生气""}",0,"(b) 他将因为粉色的解雇通知单而丢掉工作""}",1,"(a) 生气""}",0,"(b) 他将因为粉色的解雇通知单而丢掉工作""}",1
"['紧张', '不关心', '激动', '失望', '气恼', '尴尬']",2,"['她从失败中获得了新的启发', '她未能发挥出最佳水平', '她的对手打的不公平', '她遇到了一次意外的失利']",0,"(c) 激动""}",2,"答案: (a)""}",0,"(c) 激动""}",2,"(a)""}",0,"(c) 激动""}",2,"答案: (a)""}",0,"(c) 激动""}",2,"(a)""}",0,"(c) 激动""}",2,"答案: (a)""}",0
"['气恼', '开心', '自豪', '愧疚', '激动', '钦佩']",0,"['他没有为新角色做好准备', '他对于假期待遇和更高的工资感到激动', '他被额外的任务淹没了', '他不想在获得更少工资和假期的情况下还要承担更多的责任']",3,"(a) 气恼""}",0,"(d) 他不想在获得更少工资和假期的情况下还要承担更多的责任""}",3,"(a) 气恼""}",0,"(d)""}",3,"(a) 气恼""}",0,"(d) 他不想在获得更少工资和假期的情况下还要承担更多的责任""}",3,"(a) 气恼""}",0,"(d)""}",3,"(a) 气恼""}",0,"(d)""}",3
"['害怕', '绝望', '尴尬', '气恼', '自豪', '失望']",4,"['朱莉娅睡着了意味着她觉得无聊，不喜欢这场演出', '朱莉娅错过了演出的高潮', '朱莉娅对演出给出了非常积极的评价', '朱莉娅睡着了意味着她喜欢这场演出']",3,"(c) 尴尬""}",2,"(a)""}",0,"(c) 尴尬""}",2,"(a)""}",0,"(c) 尴尬""}",2,"(a)""}",0,"(c) 尴尬""}",2,"(a)""}",0,"(c) 尴尬""}",2,"(a)""}",0
"['悲观', '绝望', '释怀', '紧张', '充满希望', '悲痛']",2,"['她意识到她的父母再也不用担心了', '她意识到自己的病情非常严重', '她有机会治愈并回到正常的生活', '她意识到自己的病并不严重']",3,"(e) 充满希望""}",4,"(c)""}",2,"(e) 充满希望""}",4,"(c)""}",2,"(e) 充满希望""}",4,"(c)""}",2,"(a) 悲观""}",0,"(b) 她意识到自己的病情非常严重""}",1,"(e) 充满希望""}",4,"(c)""}",2
"['紧张', '释怀', '充满希望', '悲痛', '悲观', '绝望']",3,"['他们很高兴小娜会没事', '他们的女儿将会好转并拥有美好的未来。', '他们对小娜没有识破他们的谎言感到失望', '他们发现自己可能会失去女儿']",3,"(d) 悲痛""}",3,"(d) 他们发现自己可能会失去女儿""}",3,"(d) 悲痛""}",3,"(d)""}",3,"(d) 悲痛""}",3,"(d)""}",3,"(d) 悲痛""}",3,"(d) 他们发现自己可能会失去女儿""}",3,"(d) 悲痛""}",3,"(d)""}",3
"['没意识的 & 充满希望', '失望 & 感激', '失望 & 充满希望', '没意识的 & 嫉妒', '紧张 & 充满希望', '感激 & 嫉妒']",0,"['他赢得了数学竞赛 & 他的朋友告诉他，他已经赢了', '小岳为了竞赛非常努力，也期待好的结果 & 他意识到他没通过考试', '他的老师称赞他的努力 & 他意识到他没通过考试', '小岳并不知道比赛结果 & 他的朋友告诉他，他已经赢了', '小岳并不知道比赛结果 & 小岳为了竞赛非常努力，也期待好的结果', '小岳为了竞赛非常努力，也期待好的结果 & 他的老师称赞他的努力']",4,"(b) 失望 & 感激""}",1,"(b) 小岳为了竞赛非常努力，也期待好的结果 & 他意识到他没通过考试""}",1,"(b) 失望 & 感激""}",1,"(c)""}",2,"(b) 失望 & 感激""}",1,"(c) 他的老师称赞他的努力 & 他意识到他没通过考试""}",2,"(b) 失望 & 感激""}",1,"(b) 小岳为了竞赛非常努力，也期待好的结果 & 他意识到他没通过考试
(f) 小岳为了竞赛非常努力，也期待好的结果 & 他的老师称赞他的努力""}",5,"(b) 失望 & 感激""}",1,"(b) 小岳为了竞赛非常努力，也期待好的结果 & 他意识到他没通过考试""}",1
"['失望 & 紧张', '没意识的 & 感激', '紧张 & 充满希望', '充满希望 & 嫉妒', '紧张 & 嫉妒', '没意识的 & 嫉妒']",0,"['我最好的朋友没有赢得比赛 & 约翰花了很多时间在图书馆学习，而不是和我一起玩耍。', '我担心我会在考试中失败 & 我希望我赢得比赛，而不是约翰', '我最好的朋友没有赢得比赛 & 我不知道怎么告诉我最好的朋友他没有赢', '我不知道怎么告诉我最好的朋友他没有赢 & 我不想就约翰的成绩与老师对质', '我希望我赢得比赛，而不是约翰 & 约翰花了很多时间在图书馆学习，而不是和我一起玩耍。', '我最好的朋友没有赢得比赛 & 我不想就约翰的成绩与老师对质']",2,"(a) 失望 & 紧张""}",0,"(c)""}",2,"(a) 失望 & 紧张""}",0,"(c)""}",2,"(a) 失望 & 紧张""}",0,"(c)""}",2,"(a) 失望 & 紧张""}",0,"(c)""}",2,"(a) 失望 & 紧张""}",0,"(c)""}",2
"['尴尬 & 好奇', '悔恨 & 爱护', '失望 & 悔恨', '尴尬 & 失望', '尴尬 & 爱护', '失望 & 嫉妒']",3,"['小本无法偿还他的公司债务 & 他的家人导致他的业务破产', '他找不到新的工作 & 他的家人导致他的业务破产', '他没能阻止自己企业破产 & 小本无法偿还他的公司债务', '小本无法偿还他的公司债务 & 他不希望他的家人知道破产的事情', '他觉得如果把破产的消息告诉家人，他会成为家庭的负担 & 他没能阻止自己企业破产', '他觉得如果把破产的消息告诉家人，他会成为家庭的负担 & 他不希望他的家人知道破产的事情']",4,"(c) 失望 & 悔恨""}",2,"(e)""}",4,"(c) 失望 & 悔恨""}",2,"(e) 他觉得如果把破产的消息告诉家人，他会成为家庭的负担 & 他没能阻止自己企业破产""}",4,"(c) 失望 & 悔恨""}",2,"(e) 他觉得如果把破产的消息告诉家人，他会成为家庭的负担 & 他没能阻止自己企业破产""}",4,"(c) 失望 & 悔恨""}",2,"(e)""}",4,"(d) 尴尬 & 失望""}",3,"(d) 小本无法偿还他的公司债务 & 他不希望他的家人知道破产的事情""}",3
"['没意识的', '愧疚', '开心', '紧张', '好奇', '悔恨']",0,"['他们不知道小本的公司破产了', '他们为小本的未来感到担忧', '他们了解到他的财务困难', '他们了解小本的破产情况但决定不干预']",0,"(b) 愧疚""}",1,"(b) 他们为小本的未来感到担忧""}",1,"(b) 愧疚""}",1,"(a) 他们不知道小本的公司破产了""}",0,"(d) 紧张""}",3,"(a) 他们不知道小本的公司破产了""}",0,"(d) 紧张""}",3,"(a) 他们不知道小本的公司破产了""}",0,"(b) 愧疚""}",1,"(a) 他们不知道小本的公司破产了""}",0
"['紧张 & 尴尬', '尴尬 & 自豪', '尴尬 & 爱护', '尴尬 & 信任', '紧张 & 信任', '紧张 & 自豪']",0,"['我不应该同意去洗衣服 & 我已经决定了晚餐要做什么', '我忘了做妈妈让我做的事 & 我对去购买杂货感到紧张', '我不应该同意去洗衣服 & 我不希望我的妈妈不断提醒我做家务', '我忘了做妈妈让我做的事 & 我对妈妈撒谎说洗了衣服', '我对妈妈撒谎说洗了衣服 & 我不希望我的妈妈不断提醒我做家务', '我忘了做妈妈让我做的事 & 我不应该同意去洗衣服']",3,"(a) 紧张 & 尴尬""}",0,"(d)""}",3,"(a) 紧张 & 尴尬""}",0,"(d) 我忘了做妈妈让我做的事 & 我对妈妈撒谎说洗了衣服""}",3,"(a)""}",0,"(d) 我忘了做妈妈让我做的事 & 我对妈妈撒谎说洗了衣服""}",3,"(a) 紧张 & 尴尬""}",0,"(d)""}",3,"(a) 紧张 & 尴尬""}",0,"(d)""}",3
"['没意识的 & 自豪', '尴尬 & 爱护', '信任 & 爱护', '没意识的 & 信任', '爱护 & 惊喜', '没意识的 & 惊喜']",3,"['她不知道我撒谎了 & 她没有看见我下楼', '她认为我按照她要求洗了衣服 & 她不知道我撒谎了', '她认为我按照她要求洗了衣服 & 在做晚饭之前，她的心情很好', '她认为我按照她要求洗了衣服 & 她没有看见我下楼', '她感激我做家务 & 在做晚饭之前，她的心情很好', '她知道我没有按照她的要求去做洗衣服 & 她没有看见我下楼']",1,"(c) 信任 & 爱护""}",2,"(b)""}",1,"(e) 爱护 & 惊喜""}",4,"(b)""}",1,"(c) 信任 & 爱护""}",2,"(b)""}",1,"(b) 尴尬 & 爱护""}",1,"(d) 她认为我按照她要求洗了衣服 & 她没有看见我下楼""}",3,"(c) 信任 & 爱护""}",2,"(b)""}",1
"['生气 & 紧张', '没意识的 & 紧张', '感激 & 生气', '期待 & 反对', '反对 & 没意识的', '感激 & 没意识的']",5,"['小珀不知道她的哥哥把她的资产用于私利 & 小珀感到感激，因为她哥哥愿意帮她管理父亲的遗产', '小珀不知道她的哥哥把她的资产用于私利 & 她的兄弟背叛了她的信任', '留下遗产的是她的父亲 & 她的兄弟背叛了她的信任', '她的兄弟愿意帮助她管理遗产 & 她的兄弟有不诚实的过去', '小珀不知道她的哥哥把她的资产用于私利 & 她的兄弟有不诚实的过去', '她的兄弟有不诚实的过去 & 小珀知道她的兄弟会背叛她的信任']",0,"(a) 生气 & 紧张""}",0,"(b) 小珀不知道她的哥哥把她的资产用于私利 & 她的兄弟背叛了她的信任""}",1,"(a) 生气 & 紧张""}",0,"(b) 小珀不知道她的哥哥把她的资产用于私利 & 她的兄弟背叛了她的信任""}",1,"(a) 生气 & 紧张""}",0,"(b) 小珀不知道她的哥哥把她的资产用于私利 & 她的兄弟背叛了她的信任""}",1,"(a) 生气 & 紧张""}",0,"(b) 小珀不知道她的哥哥把她的资产用于私利 & 她的兄弟背叛了她的信任""}",1,"(a) 生气 & 紧张""}",0,"(b) 小珀不知道她的哥哥把她的资产用于私利 & 她的兄弟背叛了她的信任""}",1
"['愧疚', '自豪', '尴尬', '反感', '反对', '生气']",1,"['他自己的遗产明显少于小珀的', '他尊重小珀处理自己遗产的愿望', '他成功地骗取了妹妹的信任，把她的遗产都交给了他', '他能够在小珀失落时支持她']",2,"(a) 愧疚""}",0,"(c)""}",2,"(a) 愧疚""}",0,"(c) 他成功地骗取了妹妹的信任，把她的遗产都交给了他""}",2,"(a) 愧疚""}",0,"(c)""}",2,"(a) 愧疚""}",0,"(c)""}",2,"(a) 愧疚""}",0,"(c) 他成功地骗取了妹妹的信任，把她的遗产都交给了他""}",2
"['没意识的 & 钦佩', '愧疚 & 没意识的', '钦佩 & 尴尬', '开心 & 没意识的', '开心 & 爱护', '开心 & 钦佩']",3,"['她的朋友们支持她和小汤的关系 & 她无法相信小汤背叛了她', '她觉得自己找到了灵魂伴侣 & 她无法相信小汤背叛了她', '她觉得自己找到了灵魂伴侣 & 她不知道小汤出轨了', '她觉得自己找到了灵魂伴侣 & 她用另一个男人背叛了小汤', '她不知道小汤出轨了 & 她不知道小汤是她的灵魂伴侣', '她无法相信小汤背叛了她 & 她不知道小汤是她的灵魂伴侣']",2,"(e) 开心 & 爱护""}",4,"(c)""}",2,"(e) 开心 & 爱护""}",4,"(c)""}",2,"(a) 没意识的 & 钦佩""}",0,"(b)""}",1,"(e) 开心 & 爱护""}",4,"(a) 她的朋友们支持她和小汤的关系 & 她无法相信小汤背叛了她""}",0,"(e) 开心 & 爱护""}",4,"(c)""}",2
"['开心', '钦佩', '尴尬', '爱护', '愧疚', '没意识的']",4,"['小汤期待着和小妮结婚', '小妮支持他的分手决定', '小汤不知道小妮已经知道他的出轨', '他想和另一个女人在一起但他要和小妮分手']",3,"(e) 愧疚""}",4,"(d) 他想和另一个女人在一起但他要和小妮分手""}",3,"(e) 愧疚""}",4,"(a) 小汤期待着和小妮结婚""}",0,"(e) 愧疚""}",4,"(d) 他想和另一个女人在一起但他要和小妮分手""}",3,"(e) 愧疚""}",4,"(a) 小汤期待着和小妮结婚""}",0,"(e) 愧疚""}",4,"(a) 小汤期待着和小妮结婚""}",0
"['尴尬 & 绝望', '释怀 & 绝望', '尴尬 & 紧张', '惊喜 & 尴尬', '释怀 & 失望', '惊喜 & 释怀']",5,"['她得到了她最喜欢的一家公司的工作机会 & 她在多次被拒后终于得到了工作机会', '她在找工作上再次失败 & 她不确定是否会找到工作。', '小苏在她现在的工作中得到了晋升 & 她在找工作上再次失败', '小苏在她现在的工作中得到了晋升 & 她不确定是否会找到工作。', '她在多次被拒后终于得到了工作机会 & 小苏在她现在的工作中得到了晋升', '她的妈妈在看到她哭后安慰了她 & 她在找工作上再次失败']",0,"(f) 惊喜 & 释怀""}",5,"(a) 她得到了她最喜欢的一家公司的工作机会 & 她在多次被拒后终于得到了工作机会""}",0,"(f) 惊喜 & 释怀""}",5,"(a)""}",0,"(f) 惊喜 & 释怀""}",5,"(a)""}",0,"(f) 惊喜 & 释怀""}",5,"(a)""}",0,"(f) 惊喜 & 释怀""}",5,"(a)""}",0
"['释怀 & 紧张', '惊喜 & 释怀', '释怀 & 好奇', '释怀 & 绝望', '紧张 & 好奇', '绝望 & 好奇']",4,"['她担心女儿会哭 & 她想知道是什么让她女儿哭了', '她想知道是什么让她女儿哭了 & 她刚刚失去了自己的工作，想知道小苏是否收到了工作邀请', '她想知道是什么让她女儿哭了 & 她为女儿在工作寻找中的成功感到高兴', '她对自己即将进行的工作面试感到紧张，想知道小苏能否提供任何建议 & 女儿取得了她无法达到的成就', '她担心女儿会哭 & 她对自己即将进行的工作面试感到紧张，想知道小苏能否提供任何建议', '她对自己即将进行的工作面试感到紧张，想知道小苏能否提供任何建议 & 她为女儿在工作寻找中的成功感到高兴']",0,"(b) 惊喜 & 释怀""}",1,"(c)""}",2,"(b) 惊喜 & 释怀""}",1,"(c)""}",2,"(b) 惊喜 & 释怀""}",1,"(c)""}",2,"(b) 惊喜 & 释怀""}",1,"(c)""}",2,"(b) 惊喜 & 释怀""}",1,"(c)""}",2
"['充满希望', '愧疚', '失望', '爱护', '悔恨', '绝望']",0,"['琳琳负担不起治疗费用', '琳琳为其他病人得不到治疗感到难过。', '琳琳接到医院的电话，告诉她的病情无法治愈', '终于可以得到治疗，恢复双腿的活动能力']",3,"(a) 充满希望""}",0,"(d)""}",3,"(a) 充满希望""}",0,"(d)""}",3,"(a) 充满希望""}",0,"(d) 终于可以得到治疗，恢复双腿的活动能力""}",3,"(a) 充满希望""}",0,"(d) 终于可以得到治疗，恢复双腿的活动能力""}",3,"(a) 充满希望""}",0,"(d)""}",3
"['开心 & 感激', '充满希望 & 感激', '紧张 & 好奇', '开心 & 好奇', '好奇 & 反对', '充满希望 & 反对']",2,"['她在想为什么她的姐姐会掉下她的手机 & 她的姐姐可以接受可能治愈她的治疗', '她很担心妹妹哭 & 她的姐姐可以接受可能治愈她的治疗', '她很担心妹妹哭 & 她想知道妹妹为什么哭', '她的姐姐可以接受可能治愈她的治疗 & 对于她的姐姐，没有可用的治疗方法', '对于她的姐姐，没有可用的治疗方法 & 琳琳的姐姐对医疗治疗的成本感到担忧。', '她很担心妹妹哭 & 对于她的姐姐，没有可用的治疗方法']",2,"(b) 充满希望 & 感激""}",1,"(b)""}",1,"(b) 充满希望 & 感激""}",1,"(d)""}",3,"(b) 充满希望 & 感激""}",1,"(b)""}",1,"(b) 充满希望 & 感激""}",1,"(b)""}",1,"(b) 充满希望 & 感激""}",1,"(b)""}",1
"['没意识的 & 伤心', '钦佩 & 没意识的', '钦佩 & 伤心', '没意识的 & 愧疚', '反对 & 伤心', '钦佩 & 反对']",1,"['老师很钦佩学生们的自律，在他不在的时候，他们能保持课堂的安静和有序 & 老师并不了解学生的学业困扰', '老师很钦佩学生们的自律，在他不在的时候，他们能保持课堂的安静和有序 & 老师不知道学生在他不在的时候作弊', '老师欣赏学生在他缺席时主导课堂的积极性 & 当老师离开时，无人发言。', '老师很钦佩学生们的自律，在他不在的时候，他们能保持课堂的安静和有序 & 当老师离开时，无人发言。', '老师很钦佩学生们的自律，在他不在的时候，他们能保持课堂的安静和有序 & 当老师告诫他们不要作弊时，学生们却在考试中作弊', '老师并不了解学生的学业困扰 & 老师欣赏学生在他缺席时主导课堂的积极性']",1,"(c) 钦佩 & 伤心""}",2,"(a)""}",0,"(a) 没意识的 & 伤心""}",0,"(e)""}",4,"(b) 钦佩 & 没意识的""}",1,"(b) 老师很钦佩学生们的自律，在他不在的时候，他们能保持课堂的安静和有序 & 老师不知道学生在他不在的时候作弊""}",1,"(c) 钦佩 & 伤心""}",2,"(a)""}",0,"(c) 钦佩 & 伤心""}",2,"(b)""}",1
"['开心 & 自豪', '气恼 & 绝望', '紧张 & 自豪', '尴尬 & 气恼', '紧张 & 尴尬', '气恼 & 自豪']",4,"['她对产品不感兴趣，但又不想让销售员失望 & 她觉得销售员在推销产品时太过强硬', '她向店员隐瞒了不懂韩语的事实 & 身为韩裔，她却听不懂韩语', '她对自己的皮肤很自卑 & 她觉得销售员在推销产品时太过强硬', '她不愿意在皮肤护理产品上花钱 & 她觉得销售员在推销产品时太过强硬', '身为韩裔，她却听不懂韩语 & 她不愿意在皮肤护理产品上花钱', '她向店员隐瞒了不懂韩语的事实 & 她觉得销售员在推销产品时太过强硬']",1,"(a) 开心 & 自豪""}",0,"(b)""}",1,"(a) 开心 & 自豪""}",0,"(b)""}",1,"(a) 开心 & 自豪""}",0,"(b)""}",1,"(a) 开心 & 自豪""}",0,"(b)""}",1,"(a) 开心 & 自豪""}",0,"(b)""}",1
"['开心', '气恼', '惊喜', '惊讶', '伤心', '反对']",0,"['店员没想到乔云会说韩语', '店员无法相信乔云会说韩语', '乔云假装懂韩语，只是点头', '店员很高兴有一位愿意购买他们产品的顾客']",3,"(a) 开心""}",0,"(d)""}",3,"(a) 开心""}",0,"(d) 店员很高兴有一位愿意购买他们产品的顾客""}",3,"(a) 开心""}",0,"(d)""}",3,"(a) 开心""}",0,"(d)""}",3,"(a) 开心""}",0,"(d)""}",3
"['惊讶', '嫉妒', '没意识的', '激动', '失望', '紧张']",3,"['她认为小钱在欺骗她', '她不知道那个女人是谁', '她看到丈夫和妹妹聊得很开心', '他们正在庆祝他们的四周年纪念日']",2,"(b) 嫉妒""}",1,"(c)""}",2,"(b) 嫉妒""}",1,"(c) 她看到丈夫和妹妹聊得很开心""}",2,"(b) 嫉妒""}",1,"(c) 她看到丈夫和妹妹聊得很开心""}",2,"(b) 嫉妒""}",1,"(c) 她看到丈夫和妹妹聊得很开心""}",2,"(b) 嫉妒""}",1,"(c) 她看到丈夫和妹妹聊得很开心""}",2
"['激动', '惊讶', '尴尬', '嫉妒', '失望', '紧张']",0,"['他不知道如何向莫妮卡解释他的姐姐过来的事情', '他的妹妹来访', '莫妮卡可能会认为他在欺骗她', '他正在和他的姐姐计划他们的周年纪念日的惊喜']",1,"(c) 尴尬""}",2,"(c) 莫妮卡可能会认为他在欺骗她""}",2,"(c) 尴尬""}",2,"(c)""}",2,"(c) 尴尬""}",2,"(c) 莫妮卡可能会认为他在欺骗她""}",2,"(c) 尴尬""}",2,"(c)""}",2,"(c) 尴尬""}",2,"(c)""}",2
"['期待', '激动', '自豪', '生气', '失望', '感激']",4,"['迈克尔忘记了他如何策划魔术表演', '莉莉对他的魔术表演表示赞赏', '莉莉对他练习了很久的魔术了如指掌', '迈克尔按计划表演了他的魔术表演']",2,"(d) 生气""}",3,"(c) 莉莉对他练习了很久的魔术了如指掌""}",2,"(d) 生气""}",3,"(c)""}",2,"(d) 生气""}",3,"(c) 莉莉对他练习了很久的魔术了如指掌""}",2,"(d) 生气""}",3,"(c) 莉莉对他练习了很久的魔术了如指掌""}",2,"(d) 生气""}",3,"(c) 莉莉对他练习了很久的魔术了如指掌""}",2
"['惊讶', '自豪', '好奇', '愧疚', '感激', '激动']",5,"['她预料到了魔术的所有部分，并乐于让迈克尔觉得她在事先一无所知的情况下就掌握了这项魔术', '她为破坏迈克尔的魔术而感到难过', '她热爱魔术', '她并不对迈克尔的技能印象深刻']",0,"(d) 愧疚""}",3,"(a)""}",0,"(b) 自豪""}",1,"(a)""}",0,"(d) 愧疚""}",3,"(b)""}",1,"(a) 惊讶""}",0,"(a)""}",0,"(b) 自豪""}",1,"(a)""}",0
"['失望', '伤心', '尴尬', '气恼', '紧张', '激动']",5,"['她无意中听到了丹尼尔说自己很紧张', '珍妮特的朋友告诉她丹尼尔会邀请她', '她发现丹尼尔会邀请丽莎', '她知道丹尼尔会邀请她去舞会']",3,"(a) 失望""}",0,"(c) 她发现丹尼尔会邀请丽莎""}",2,"(a) 失望""}",0,"(c) 她发现丹尼尔会邀请丽莎""}",2,"(a) 失望""}",0,"(c) 她发现丹尼尔会邀请丽莎""}",2,"(a) 失望""}",0,"(c)""}",2,"(a) 失望""}",0,"(c) 她发现丹尼尔会邀请丽莎""}",2
"['伤感', '尴尬', '伤心', '期待', '感激', '愧疚']",3,"['他对拒绝好朋友的妹妹感到糟糕', '他知道他的舞会对象会答应他的邀请', '他感激我没有告诉珍妮特他的计划', '他知道邀请珍妮特会被拒绝']",1,"(d) 期待""}",3,"(b) 他知道他的舞会对象会答应他的邀请""}",1,"(d) 期待""}",3,"(b) 他知道他的舞会对象会答应他的邀请""}",1,"(d) 期待""}",3,"(b) 他知道他的舞会对象会答应他的邀请""}",1,"(b) 尴尬""}",1,"(a) 他对拒绝好朋友的妹妹感到糟糕""}",0,"(b) 尴尬""}",1,"(a) 他对拒绝好朋友的妹妹感到糟糕""}",0
"['反对', '开心', '紧张', '气恼', '反感', '感激']",2,"['我想邀请丽莎去舞会', '我不知道怎么告诉我的妹妹丹尼尔会带丽莎去舞会', '我妹妹被我的好朋友拒绝了', '我的妹妹要和她喜欢的男孩出去约会']",1,"(d) 气恼""}",3,"(b) 我不知道怎么告诉我的妹妹丹尼尔会带丽莎去舞会""}",1,"(d) 气恼""}",3,"(b) 我不知道怎么告诉我的妹妹丹尼尔会带丽莎去舞会""}",1,"(d) 气恼""}",3,"(c) 我妹妹被我的好朋友拒绝了""}",2,"(d) 气恼""}",3,"(b) 我不知道怎么告诉我的妹妹丹尼尔会带丽莎去舞会""}",1,"(d) 气恼""}",3,"(c) 我妹妹被我的好朋友拒绝了""}",2
