Choices,Label,Res 1,Pred 1,Res 2,Pred 2,Res 3,Pred 3,Res 4,Pred 4,Res 5,Pred 5
"['Promise to keep the secret', 'Inform their parents anyway', 'Confront the bullies herself', 'Suggest her brother to talk to a teacher or a school counselor']",3,b,1,b,1,b,1,b,1,b,1
"['Cut off communication with her friend for a while', 'Continuously reassure her friend that everything will be fine', 'Suggest her friend to seek professional help like a therapist', 'Tell her friend to deal with it herself']",2,C,2,C,2,C,2,C,2,C,2
"[""Pray for his friend's wellbeing"", 'Confront his friend for not being transparent', ""Respect his friend's privacy but express his willingness to help when ready"", 'Offer to help with whatever the personal problem might be without asking what it is']",2,C,2,C,2,C,2,C,2,C,2
"[""Pay the owner, hoping it's a one-time mistake"", 'Arrange a meeting with the store owner for his son to apologize', ""Call the police to report his son's actions"", 'Ground his son without discussing the issue.']",1,c,2,c,2,c,2,c,2,c,2
"['Forbid her from seeing these friends', 'Personally meet and talk to her friends', 'Discuss her concerns with her daughter', 'Invite these friends over to their house']",2,c,2,c,2,c,2,c,2,c,2
"['Express forgiveness and understanding', 'Request a replacement of similar value or style', ""Mention that it's okay as the t-shirt didn't have any value to him"", 'Choose not to lend anything to Andrew in the future']",2,d,3,d,3,d,3,d,3,d,3
"['Help him find a part-time job', 'Comfort and support him so he can get a good grade next time', 'Offer to pay for his education fee', 'Help him find a full-time job']",0,c,2,c,2,c,2,c,2,c,2
"['Apologize to his dad for any driving mistakes he made and try to have a calm conversation about what happened', 'Ignore his dad and get back in the car, refusing to engage in an argument', 'Laugh it off and make a joke about the unexpected and coincidental nature of the situation', 'Walk away from the situation and call his dad later to discuss their concerns calmly and privately']",2,d,3,d,3,d,3,d,3,d,3
"['Ignore the texts and continue sleeping', 'Respond telling her friend to seek professional help', 'Stay up and lend a listening ear to her friend', 'Suggest her friend to find a new partner']",2,C,2,C,2,C,2,C,2,C,2
"['Encourage her to break up with her boyfriend immediately', 'Offer her advice on how to improve their relationship', 'Listen empathetically and offer advice without judgment and consideration', 'Encourage her friend to communicate openly with her boyfriend about their problems']",3,d,3,d,3,d,3,d,3,d,3
"['Offer emotional support and a listening ear, letting her friend know that she can talk freely', 'Have a discussion with her about potential solutions and available resources', 'Privately share her problem to other friends and ask them for help', ""Respect her friend's privacy and not pry further into her financial troubles""]",1,d,3,d,3,d,3,d,3,d,3
"['Show your disappointment to him', 'Carry on doing the project by yourself', 'Acknowledge his mistake and discuss future plans', 'Find a new teammate']",2,C,2,C,2,C,2,C,2,C,2
"['Try to adjust to life in the new city by joining clubs and activities there', 'Make an effort to contact them but also try to meet people in his new city', 'Let go of his old friends, who have shown themselves to be unreliable', 'Tell his friends he is disappointed in them for not contacting him.']",1,c,2,c,2,c,2,c,2,c,2
"['Tell her sister how her comments made her feel while crying', 'Ask her sister to help do it', 'Tell her sister she is the idiot', 'Never work appliances in front of her sister or family again']",1,d,3,d,3,d,3,d,3,d,3
"['Frequently visit his family', ""Believe his parents' claim that they are fine"", 'Keep telling his parents his concern, stressing their importance', ""Move into his parents' house.""]",0,d,3,d,3,d,3,d,3,d,3
"['Let herself cry and express emotion for as long as she feels like', 'Speak to other family members to calm herself and find out what is happening, then visit the hospital', 'Accept that there is nothing she can do and wish the best', 'Visit the hospital herself and ask the staff about their condition']",1,d,3,d,3,d,3,d,3,d,3
"['Tell his sister to clean up the mess right now', 'Ask his sister to clean up the mess as soon as she has the time', 'Clean up the mess himself and not mention it to his sister', 'Assume that his sister will clean it later']",1,C,2,C,2,C,2,C,2,C,2
"[""Don't buy the items"", 'Introduce a new system for grocery shopping and sharing costs', 'Tell her housemates she has a problem with this', 'Hide her own personal store of items from the others']",1,C,2,C,2,C,2,C,2,C,2
"['Contact her close relatives for information and support', 'Try not to think about it, and go on with her daily life as best she can', 'Buy the first ticket back to her hometown', 'Isolate herself from her family and try to control her emotions on her own']",0,d,3,d,3,d,3,d,3,d,3
"['Tell her sister-in-law these comments upset her', 'Get a new babysitter', 'Be grateful her house is being cleaned for free', 'Tell her only to baby-sit, not to clean.']",0,d,3,d,3,d,3,d,3,d,3
"['Tell his father he is completely wrong', 'Prove him wrong by working hard to succeed at the new job', 'Think of the positives of the new job', ""Ignore his father's comments.""]",1,b,1,b,1,b,1,b,1,b,1
"['Forget about Dara', 'Spend time with other friends, keeping herself busy', 'Think that Dara and her partner will return soon', 'Make sure she keeps in contact through email, phone or letter writing.']",3,d,3,d,3,d,3,d,3,d,3
"['Realize that he is growing up and might not want to spend so much time with his family anymore', 'Make plans to drop by and visit him in person and have a good chat', 'Understand that relationships change, but keep calling him from time to time', 'Be upset about it, but realize there is nothing she can do.']",2,d,3,d,3,d,3,d,3,d,3
"['Advise his friend to talk to his wife about this matter', 'Start gradually moving away from his friend due to his character', 'Encourage his friend to talk to a relationship counselor', 'Secretly discuss this matter with his friend’s wife about this']",2,d,3,d,3,d,3,d,3,d,3
"['Let Maya figure things out in her own time', 'Offer to take some of the project workload off her', ""Suggest she move on from her ex-boyfriend quickly, as it's affecting her work"", 'Help her find resources to deal with a breakup and keep an open line of communication.']",3,d,3,d,3,d,3,d,3,d,3
"['""I\'m so happy and excited for you!""', '""Oh my god, what\'s wrong?""', '""Please don\'t cry, I know it\'s hard""', '""I can\'t believe it, we should call our parents with the happy news""']",1,B,1,B,1,B,1,B,1,B,1
"['""You should drink more hot water and stay hydrated""', '""I will take care of you during this time""', '""You always have these stomachaches, go see a doctor""', '""I\'m sorry to hear that, that must be awful""']",1,d,3,d,3,d,3,d,3,d,3
"['""You should have probably spent more time studying.""', '""The college entrance examination is not everything. Your future is in your hands.""', '""We can study hard together and pass the exam together next time.""', '""Don\'t be discouraged. Analyze the reasons and work hard to improve next time, and you will definitely achieve better results.""']",1,c,2,c,2,c,2,c,2,c,2
"['""Oh no! you can always get another dog!""', '""I am sure your dog was happy that you are his owner""', '""I\'m here for you, you should try to move on quickly""', '""You had a good run with him, focus on the future now""']",1,d,3,d,3,d,3,d,3,d,3
"['""I can understand how that would feel. Do you want to try not eating?""', '""I\'m so sorry to hear that, you wanna grab some ice cream to cheer up?""', '""How about we start working out together?""', '""Carrying some extra weight is not the end of the world""']",2,C,2,C,2,C,2,C,2,C,2
"['""You can always call her when both of you are free""', '""Let\'s support her and her life decision""', '""That\'s really hard, I\'m here if you need to talk about it""', '""Maybe, it\'s for the best. You never know""']",0,c,2,c,2,c,2,c,2,c,2
"['""Maybe driving is just not your thing""', '""Don\'t worry, just keep practicing and you\'ll pass next time""', '""Learn from your mistakes and you can pass it one day""', '""You can always ride a public transport""']",1,b,1,b,1,b,1,b,1,b,1
"['""It\'s a normal reaction since taking care of kids is hard. Remember to take care of yourself too""', '""Maybe you should hire a nanny to help""', '""Being a parent is hard and it\'s okay to feel tired. You\'re not doing a great job even if you feel like it right now""', '""You should talk to other dads, they probably feel the same""']",0,c,2,c,2,c,2,c,2,c,2
"['""You should take your responsibility of your actions""', '""It\'s alright, such things happen. Next time be more cautious""', '""I don\'t think that\'s quite the right thing to do""', '""It\'s okay! I would be nervous too if I were you""']",0,C,2,C,2,C,2,C,2,C,2
"['""Happiness comes from others and we need relationships to be happy""', '""I\'m sorry to hear that, have you considered talking to your boyfriend about this?""', '""I\'m here for you, you are not alone""', '""I\'m sure you will get into a relationship soon too""']",2,C,2,C,2,C,2,C,2,C,2
"['""If you find yourself unhappy and stressed, maybe you should find a different job""', '""Take a break from work and go on a vacation""', '""I can see that you\'re really stressed, let\'s talk about it. Maybe we can figure things out together""', '""That\'s adulting. It hits hard""']",2,C,2,C,2,C,2,C,2,C,2
"['""Do you think that some lines could be a bit thinner?', '""Amazing! Do you want to learn from my friends who actually paint well?', '""I think you will improve more if you keep practicing""', '""Woah! This is the best painting I have ever seen""']",2,b,1,b,1,b,1,b,1,b,1
"['""I think you are wrong here. You shouldn\'t cheat""', '""If you are unhappy with your relationship, I\'m sure he will understand""', '""I think you should be honest and tell him about it""', '""Let\'s pretend this never happened""']",2,C,2,C,2,C,2,C,2,C,2
"['""Remember that you have options in your hands. Do what feels right for you""', '""Don\'t worry, you\'re not alone. We will figure this out together""', '""I think you should discuss this with the baby\'s father""', '""Don\'t worry! I feel the same way when I was with you. Every expecting mothers feel this way.""']",1,c,2,c,2,c,2,c,2,c,2
"['""Him passing away is your chance to escape, and I will always support you, no matter what you need.""', '""Don\'t worry, you can talk to me, I will always be here to support you.""', '""I express my condolences to your experience. Sorry, I hope you can find peace and support.""', '""You must be feeling very complicated, find a counselor to talk to""']",1,C,2,C,2,C,2,C,2,C,2
"['""It\'s not the end of the world, a few drinks a week won\'t hurt you""', '""I think you need to cut down on drinking""', '""I appreciate you sharing this with me, let\'s work it out together""', '""I appreciate you sharing this with me, let\'s work it out together in a bar nearby""']",2,C,2,C,2,C,2,C,2,C,2
"['""Do you wanna try some new hobbies together?""', '""You must get out, you are always inside the house""', '""Oh, I\'m sorry you\'re feeling like this""', '""You need to push through, everyone feels down sometimes.""']",0,C,2,C,2,C,2,C,2,C,2
"['""Don\'t be afraid, we can explore together how to embrace to this new role.""', '""Don\'t worry, you are not alone. We will figure this out together.""', '""I think you should discuss this with the father of your child.""', '""I can\'t believe you would put yourself in this situation.""']",1,C,2,C,2,C,2,C,2,C,2
"['""You should have saved more when you had the job""', '""You should have told us sooner. ""', '""We are truly sorry for your situation but we know you can make it""', '""We can lend you some money until you get back on your two feet""']",3,C,2,C,2,C,2,C,2,C,2
"['“You should choose the field that suits you best”', '“We can discover our shortcomings by comparing ourselves and working on those”', '“You are doing a great job, it’s amazing! Just be yourself”', '“I think this feeling is normal. But don’t let it eat you up.”']",1,C,2,C,2,C,2,C,2,C,2
"['""I think you should have a heart-to-heart discussion with mom and figure out the next step""', '""Divorce her, she isn\'t worth your time""', '""Do what you think it\'s right for you dad. I am here to support you""', '""Are you sure? Maybe you are misunderstanding her""']",0,C,2,C,2,C,2,C,2,C,2
"['""I think you need to take better care of your skin""', '""Your value is not defined by how clear and flawless your skin is. Work on your personality""', '""I am sorry to hear that. I like you because of your personality, not your skin, but not all people are the same""', '""I can share my skincare tips with you to help with the acne""']",3,B,1,B,1,B,1,B,1,B,1
"['""I think you should reassess your workout routine and potentially make some adjustments.""', '""I think you need to be patient and keep working out""', '""I think you should look at your progress and how far you have come""', '""Maybe you need to push yourself more""']",2,b,1,b,1,b,1,C,2,b,1
"['""Life is full of rejection. This won\'t be the last time""', '""That\'s okay! Don\'t give up because of one hurdle, that\'s a weak mindset""', '""I think you are doing great! You can learn from your mistakes and create a better proposal""', '""I know it\'s tough. Don\'t worry, it\'s better than failing your defense, so be careful about that""']",2,C,2,C,2,C,2,C,2,C,2
"['""It\'s just a game, son. Don\'t worry about it""', '""Losses teach us important lessons about life. Maybe you need a better team.""', '""Well, you should have played better. We can\'t change the outcome now.""', '""It\'s ok, son. We need to train harder for next time.""']",3,d,3,d,3,d,3,d,3,d,3
"['""Mom, you need to stand up for yourself and fight back""', '""I completely understand. I\'m sure you can figure it out and I\'m here to support you""', '""That\'s not fair to you mom, you should talk to him about it""', '""I don\'t like it when you guys argue, tell him to be more mature""']",2,b,1,b,1,b,1,b,1,b,1
"['Work harder to compensate', 'Get angry with the workmate', 'Explain the urgency of the situation to the workmate', 'Never rely on that workmate again']",2,C,2,C,2,C,2,C,2,C,2
"[""Accept that she is gone and it's time for new friendships"", 'Wait for Alexa to contact her so they can catch up and make new friends', 'Contact Alexa and arrange to catch up, but also make friends with her replacement', 'Spend time getting to know the other people in the office to move on faster']",2,C,2,C,2,C,2,C,2,C,2
"['Suggest that she find someone else if she is not satisfied with his work', 'Take a break to calm down and ask their supervisor for specific feedback', 'Apologize to Trudy for any shortcomings in his work and ask for specific feedback', 'Take a break and discuss the issue later when both are calm']",3,C,2,C,2,C,2,C,2,C,2
"[""Don't worry about it"", 'Tell the other team they must re-do their work', 'Tell the project manager about the situation', ""Re-do the other team's work to get it up to scratch""]",2,C,2,C,2,C,2,C,2,C,2
"['Come up with a reason to skip working the new shifts', 'See if there is some reasonable explanation for the shift changes', 'Control his emotions and find out if there is a random explanation for the shift changes', 'Accept the changes and do the shifts']",1,d,3,d,3,d,3,d,3,d,3
"['Confront the waitress about the disrespectful service', 'Leave the restaurant and find a more respectful place to eat', 'Ignore the profanities and enjoy her meal, as she expected this type of behavior', 'Secretly mention to the waitress how this behavior is making her feel uncomfortable']",2,B,1,B,1,B,1,B,1,B,1
"['Start making personal calls at work too', 'Report the situation to his supervisor', 'Give hints to the colleague on workplace etiquette', 'Avoid the situation by changing his workstation']",2,b,1,b,1,b,1,b,1,b,1
"['Formally discuss with her issues with human resources', 'Try to ignore the unfair treatment', 'Start looking for a new job', 'Document instances of unfair treatment and talk to human resources']",2,d,3,d,3,d,3,d,3,d,3
"['Leave the colleague alone and let her take care of her emotions', 'Approach her, trying to comfort her regardless of what she says', ""Discuss with others and guess what the colleague's problem is"", 'Ensure her that she is not alone and has her support']",3,d,3,d,3,d,3,d,3,d,3
"['Ask the HR department to mediate a reconciliation between the two', 'Ignore the situation as they should find a way to fix their problem', 'Call a team meeting to discuss workplace civility', 'Confront the two team members individually to understand their perspectives']",3,d,3,d,3,d,3,d,3,d,3
"['Offer to help his new classmate with English after class', 'Avoid involving him in group projects due to the complications', 'Speak to the teacher about the situation', 'Try to learn a new language']",0,c,2,c,2,c,2,c,2,c,2
"['Privately offer her some help and support', 'Reveal her situation to the team for better understanding', 'Talk to the boss about the situation', 'Ask her nicely to deal with her personal problems outside office hours']",0,d,3,c,2,c,2,c,2,c,2
"['Focus on his own work', 'Give his colleague advice on work-life balance', ""Allocate his colleague's tasks to himself to reduce his workload"", ""Offer to do some of the colleague's work so he can take more breaks""]",1,d,3,d,3,d,3,d,3,d,3
"['Try to avoid being disturbed by her', 'Communicate with her privately and suggest that she change her behavior', 'Politely tell the classmate how her behavior affects other students', 'Give feedback to the teacher']",2,C,2,C,2,C,2,C,2,C,2
"['Address the issue directly with her colleague', 'Ignore the situation and continue sharing ideas', 'Publicly take credit for her ideas in the next meeting', 'Stop sharing ideas during the team meetings and talk to the supervisor directly']",0,a,0,a,0,a,0,a,0,a,0
"['Ignore the problem and fix the mistake yourself', 'Confront others and tell them they must fix the mistake themselves', 'Enthusiastically help fix the mistake to ensure the quality of the work', 'Contact someone on another team and point out their mistake and ask them to correct it']",3,C,2,C,2,C,2,C,2,C,2
"['Reprimand the employee for making such accusations', 'Ignore the accusation as it is not important', 'Explain that malfunctions were not his fault', 'Accept his mistake and apologize to the employee']",2,c,2,c,2,c,2,c,2,c,2
"['Show empathy and understanding as she is probably apologetic for being late', 'Put things in perspective - it is not the end of the world', 'Ask for an explanation of her lateness', 'Argue with her that this is not acceptable']",2,C,2,C,2,C,2,C,2,C,2
"['Although he may be bad at sports, remember he is good at other things', 'Forget about it and leave the team', 'Do some extra training to try and improve', 'Discuss with his teammates and ask for explanations']",2,d,3,d,3,d,3,d,3,d,3
"['Talk to his boss and express his concern about others being assigned the task', 'Do good work so that he will be given the complex tasks in future', 'Ask his boss to give the job to him', 'Not worry about this unless it happens again']",1,d,3,d,3,d,3,d,3,d,3
"['Talk to her friends or workmates about it', 'Ignore the incident and move on to her next task', 'Calm down by taking deep breaths or going for a short walk', 'Think that she has been successful in the past and this client being difficult is not her fault.']",3,d,3,d,3,d,3,d,3,d,3
"['Reach out to Blair and ask if she needs support', 'Find a new cafe and socialize with other coworkers', ""Don't worry about it, ignore the changes and let Blair be"", 'Invite Blair again, maybe rescheduling for another time']",2,d,3,d,3,d,3,d,3,d,3
"['Explain the lack of resources to her boss or to management', 'Learn that she should plan ahead for next time', 'Document the lack of resources in her progress report', ""Don't worry about it.""]",2,c,2,c,2,c,2,c,2,c,2
"['Think about the unfairness of the situation', 'Accept the warning and be careful not to go in restricted areas from now on', ""Explain that she didn't know it was restricted"", 'Take a few deep breaths and calm down about it.']",2,b,1,b,1,b,1,b,1,b,1
"['Divide the tasks among the remaining group members', 'Confront the other teammates directly about this lack of involvement instead', 'Report the situation to the professor and ask for suggestions', 'Avoid working with the teammate in future group projects']",2,c,2,c,2,c,2,c,2,c,2
"['""While it\'s daunting, I think owning your mistakes would be the best course to take""', '""You should have been more careful""', '""Did you double check your report before submitting?""', '""I think we need to inform our supervisor. Maybe you can get a chance to fix it""']",3,d,3,d,3,d,3,d,3,d,3
"['""I think you should leave personal problems behind while at work""', '""I think things will get better for you soon, be confident.""', '""That sounds really tough. Do you want to talk about it?""', '""Oh no! Have you considered taking a break to escape?""']",2,C,2,C,2,C,2,C,2,C,2
"['""That must be so hard! I\'m sorry to hear that.""', '""I think everyone goes through this at some point, cheer up!""', '""Let\'s figure it out together and continue to work together in the future.""', '"" I think you\'ve done a good enough job, I don\'t understand why the supervisor is so mean.""']",0,c,2,c,2,c,2,c,2,c,2
"['""That\'s unfair to the team and you should have communicated this beforehand""', '""I appreciate your generous gesture but you should have discussed it with the team beforehand""', '""This is not what a team does. Everyone should have equal chances to play""', '""It\'s not right to make decisions that can impact everyone\'s performance, we\'re in this together.""']",1,d,3,d,3,d,3,d,3,d,3
"['""I think you need to have better time management""', '""Please do not repeat the same mistake the next time""', '""Can you go back and bring the crucial documents?""', '""Everyone makes mistakes. Let\'s see how we can work around it.""']",3,c,2,c,2,c,2,c,2,c,2
"['""You should improve on the parts he criticized.""', '""I am here with you! Let\'s improve together!""', '""I\'m really sorry that you\'re dealing with this. Do you need anything?""', '""He just wants you to be better at your job.""']",1,C,2,C,2,C,2,C,2,C,2
"['""I think you should have started studying sooner""', '""It\'s okay, I\'m sure we will pass just fine""', '""We all struggle sometimes. Would studying together help?""', '""This class is tough for everyone, you\'re not the only one""']",2,C,2,C,2,C,2,C,2,C,2
"['""I think you need to have an open discussion about your feelings""', '""I think you can work on the parts he criticized and improve the idea""', '""That sounds awful! Don’t mind about the criticism""', '""I think you need to discuss to clarify any misunderstandings""']",3,d,3,d,3,d,3,d,3,d,3
"['""That\'s not right! I will tell the teacher about you cheating on the test""', '""I can help you find some extra classes to better understand the material.""', '""I don\'t think cheating is the answer to the problem. You need to find a better study strategy.""', '""Do you need help? We can cheat on the next test together.""']",2,c,2,c,2,c,2,c,2,c,2
"['""I think you need to act more responsibly""', '""I think classes are really important and you shouldn\'t miss those""', '""Here are the things I\'ve done. Feel free to copy them.""', '""You can talk to the professor and ask for extensions for the assignments""']",3,c,2,c,2,c,2,c,2,c,2
"['""Please prioritize your work and start managing your time better""', '""We need to work together as a team so please communicate it with us if you have troubles""', '""We will remove you from the team if you keep this up""', '""Is it difficult for you to do your own tasks?""']",1,c,2,c,2,c,2,c,2,c,2
"['""That sounds tough. I think you are overthinking and worrying over something trivial.""', '""I am sorry to hear that! I am here for you!""', '""I understand your concerns, let\'s see how we can make the team more inclusive""', '""Have you considered talking about this to our manager?""']",2,C,2,C,2,C,2,C,2,C,2
"['""You should drink more hot water and stay hydrated""', '""I will take care of you during this time""', '"" You should take some medications and try to get some rest today""', '""I\'m sorry to hear that, that must be awful""']",1,d,3,d,3,d,3,d,3,d,3
"['""No problem, let\'s discuss and resolve the misunderstanding between us""', '""Let\'s submit this matter to the management and see what they think""', '""I understand how you feel and I think maybe you should clarify your point of view""', '""You should choose your words more carefully next time you speak""']",0,c,2,c,2,c,2,c,2,c,2
"['""It\'s not right, you should find someone else""', '""I can introduce you to some male friends that I have. Maybe that can help you find a potential partner""', '""You know, having feelings for someone is normal, but it\'s important to consider the consequences""', '""Should I talk to our boss about your feelings?""']",2,c,2,c,2,c,2,c,2,c,2
"['""I think you\'re being quite unprofessional""', '""I\'m here for you. Do you want to visit a therapist?""', '""It\'s alright! Take a deep breath before continuing.""', '“Let another person present first. You can do it another time.""']",2,c,2,c,2,c,2,c,2,c,2
"['""You won\'t be lonely as long as I\'m here""', '""I can introduce you to some other neighbors""', '""It sounds really sad to be so lonely""', '""I think adopting a dog would help""']",1,c,2,c,2,c,2,c,2,c,2
"['""Do you want to hang out together this Saturday?""', '""That sounds hard, I\'m sorry to hear that""', '""I think you need to ask them out yourself""', '""I think it\'s better if you changed your attitude, that way people would like you more""']",0,b,1,b,1,b,1,b,1,b,1
"['""Complaining won\'t change anything""', '""How about talking to the boss about this?""', '""Maybe we just need to work harder""', '""I think we need to adapt to a different management style""']",1,b,1,b,1,b,1,b,1,b,1
"['""I know how you feel, my mom passed away too""', '""Time will heal the wounds. Hope you get to enjoy this lunch.""', '""I\'m so sorry for your loss, I\'m here if you need anything""', '""Will you be taking days off to attend her funeral?""']",2,C,2,C,2,C,2,C,2,C,2
"['""I\'m sorry to hear that. I\'m here to support you in any way you need. Would you like to take some of my sales for next month?""', '""That\'s unfortunate, maybe your strategy is not good to meet your target""', '""I understand your frustration. Is there any way I could assist you?""', '""That\'s alright! I think if you try to work harder, you can meet your target.""']",2,C,2,C,2,C,2,C,2,C,2
"['""I should\'ve reminded you to back up your work""', '""That must be so frustrating for you! Maybe you can ask an IT technician if they can help""', '""You can just rewrite it""', '""It\'s your fault that you did it on a public computer""']",1,b,1,b,1,b,1,b,1,b,1
"['""I think it\'s better to focus on work to shift your attention away from her""', '""I never liked her anyways, you deserve better""', '""She doesn\'t deserve a person as good as you""', '""I\'m really sorry to hear that. This must be hard on you, want to talk about it?""']",3,d,3,d,3,d,3,d,3,d,3
"['""I can help you prepare for next time so you can get a grade like mine""', '""I know you put in a lot of effort for this exam, you just got unlucky""', '""Exams aren\'t everything, I hope you don\'t worry about it""', '""Don\'t worry, let\'s work hard together next time and strive to achieve better results""']",3,d,3,d,3,d,3,d,3,d,3
"['I think that you can get welfare and search for related resources.""', '""Oh, no, I\'m sorry to hear that, it must be very disappointing.""', '""I\'m sorry to hear that, It’s okay to believe in your abilities and take the time to get through this difficult time.”', '“This is not your fault, it’s just the economic environment. I can help you prepare to find a new job.”']",3,C,2,C,2,C,2,C,2,C,2
"['Nothing, it will sort itself out soon enough', 'Tell his family he feels left out', 'Spend time only listening', 'Reflect that relationships can sometimes be fickle']",1,d,3,d,3,d,3,d,3,d,3
"['Regret applying for this job when he didn’t want to leave', 'Plan systematic contact methods, such as regular phone calls or emails every week', 'Spend more time on work related to the new position to prepare for his new position', 'Help his wife find a job in the other country, convince her to quit her job and move with him']",1,d,3,d,3,d,3,d,3,d,3
"[""Find out as much as he can about the procedure and consider what's the worst that could happen"", ""Party with his friends so he doesn't think about the impending surgery"", 'Talk to his family to get comfort about passing away', 'Talk to his doctor about what will happen']",3,d,3,d,3,d,3,d,3,d,3
"['Play some interactive games with Kevin to warm up their relationship', 'Realize it was time to give up on this friendship and move on', 'Understand that people will change. So move on and keep the good times in memories', 'Try to communicate with Kevin']",2,d,3,d,3,d,3,d,3,d,3
"['Talk to friends or relatives to ease his worries', 'Try to calm down, perhaps go for a short walk or meditate', 'Prepare ahead of time so he has everything he needs available', ""Accept that things aren't going to be perfect""]",2,C,2,C,2,C,2,C,2,C,2
"['Quit her job and give up this position', 'Wait until she has been around long enough and use this experience to get a promotion', 'Accept the rules and prove herself with strength', 'Ask management if they can make exceptions']",3,C,2,C,2,C,2,C,2,C,2
"['Keep her situation secret from her parents', 'Discuss her anxiety with her parents and ask for their understanding', 'Gain confidence and not be anxious by talking to other people', 'Pretend that everything is normal and things will get better']",1,b,1,b,1,b,1,b,1,b,1
"['Adjust her mentality and try to concentrate at work', 'Open up to a trusted good friend to share her feelings', 'Try to find a partner in the same place to avoid long-distance issues', 'Realize her mistake and discuss with her ex to get back together so she can regain her focus']",1,d,3,d,3,d,3,d,3,d,3
"['Try to solve her own problems on her own', 'Try to be honest with her parents about the problems she is facing', 'Start looking for a non-profit therapist', 'Openly discuss her decision to receive therapy with her family and friends']",3,d,3,d,3,d,3,d,3,d,3
"['Discuss her feelings with her boyfriend', 'Avoid the other person to let the feelings dissipate', 'Breakup with her boyfriend without explanation to avoid judgment', 'Discuss and seek advice from her boyfriend']",0,d,3,d,3,d,3,d,3,d,3
"['Confront her sister about her spending habits', 'Assist in finding her sister a job and work together', 'Keep lending money to her sister and work harder', 'Tell her sister she can no longer lend her money']",1,d,3,d,3,d,3,d,3,d,3
"['Distract himself through work or hobbies and not think about his feelings', 'Break up with his girlfriend and bear the loneliness', 'Try to find a new partner before breaking up', 'Spend time with friends and family, leaning on their support']",3,b,1,b,1,b,1,b,1,b,1
"['Propose to his girlfriend and hope they approve', 'Hide the proposal to keep the peace with his family', 'Discuss his intentions with her parents first', 'Break up with her to avoid potential conflict with parents']",2,c,2,c,2,c,2,c,2,c,2
"['Keep it to himself as he knows it would hurt his wife', 'Tell his wife immediately without considering her feelings', ""Ask for a divorce so she doesn't have to go through the pain"", 'Look for an appropriate time and have a deep discussion on the matter']",3,d,3,d,3,d,3,d,3,d,3
"['Openly communicate his problem with the other person and discuss marriage', 'Try to work on his emotions and fears by himself to become a better partner without this fear', 'Open up to the other person about this fear and seek comfort', 'Open up to his close friends and ask for their support']",2,C,2,C,2,C,2,C,2,C,2
"['Reveal his past to their mutual friend and discuss their break up', ""Approach her friend's boyfriend and confront him about his past"", ""Decide to keep quiet and not interfere in her friend's relationship"", 'Make sure he does not cheat by monitoring him']",2,C,2,C,2,C,2,C,2,C,2
"['Try to handle everything and not bother her fiancé', 'Postpone the wedding to a later date so she can prepare more', 'Discuss and divide responsibilities with her fiancé', 'Go through with the wedding as she always dreamed of it']",2,C,2,C,2,C,2,C,2,C,2
"['Have a discussion with her friends and explain her viewpoints', ""Read into her friend's political viewpoints and try to understand and adopt them"", 'Try to disengage from any political conversations when talking with her friends', 'Ask her friends to share their opinions and have a conversation about it']",3,d,3,d,3,d,3,d,3,d,3
"['Wait until the situation improves to propose', 'Express his concerns and feelings to his girlfriend', 'Propose to her girlfriend and figure things out after marriage', 'Break up with his girlfriend and focus on his future']",1,d,3,d,3,d,3,d,3,d,3
"['Apologize to her friend and explain how she only used hurtful words as a defense mechanism', ""Ask for a conversation to discuss how each person's action led to the issues"", 'Ask for a conversation to discuss their feelings', 'Ask for a conversation to discuss their feelings while trying to find new friends']",2,b,1,b,1,b,1,b,1,b,1
"['Start ignoring all arguments', 'Express her feelings to her boyfriend', 'Break up with him and find a more understanding partner', 'Practice patience and address the difficulties only when the argument phase passes']",1,d,3,d,3,d,3,d,3,d,3
"['Confront both his girlfriend and his best friend about the issue', 'Cut ties with both his girlfriend and best friend immediately', ""Pretend like this didn't happen and continue life as normal"", 'Seek guidance from other trustworthy friends or family members']",3,b,1,b,1,b,1,b,1,b,1
"['Find a new partner in her city', 'Try to plan more activities together online', 'Demand her partner to move closer', 'Keep feelings to herself and hope it gets better']",1,d,3,d,3,d,3,d,3,d,3
"['Urgently tell her boyfriend everything', 'Not tell him anything until she feels that he can handle it', 'Discuss her illness with a close friend first to get guidance', 'Break up with her boyfriend before telling him to avoid potential heartbreak']",2,c,2,c,2,c,2,c,2,c,2
"['Start exercising daily to get his mind off of the breakup', 'Start going out more and make new friends', 'Find a therapist to help cope with his feelings', 'Start taking medication to help with his sadness and loneliness']",0,c,2,c,2,c,2,c,2,c,2
"['""This is unfair, you always do this!""', '""That\'s alright, work is definitely more important""', '""I understand, I wished you cared more about me""', '""I understand, it\'s unfortunate but we can always celebrate some other time""']",3,d,3,d,3,d,3,d,3,d,3
"['""You don\'t eat and that\'s why you are skinny! You should start eating more""', '""That\'s tough! Well, just do what you think it\'s the best for you.""', '""I think we should find a professional to talk to""', '""Let\'s go to a nice place. We can find something nice for you to eat""']",2,C,2,C,2,C,2,C,2,C,2
"['""You always choose work over our plans""', '""This is disappointing, but I don\'t understand why work is a priority sometimes""', '""I completely understand, It seems our plans are not a priority for you""', '""I completely understand, work can be demanding at times""']",3,C,2,C,2,C,2,C,2,C,2
"['""I don\'t think I matter to you as much as the PhD""', '""Will you reduce your workload next month?""', '""Can we discuss ways to spend more time together?""', '""Do you think I should find other hobbies since you\'re busy?""']",2,c,2,c,2,c,2,c,2,c,2
"['""I appreciate you telling me this. It\'s really hard to be without him but I will find a way to cope.""', '""I need to see that guy in jail for his actions""', '""I don\'t know if I will ever recover from this""', '""Oh don\'t worry, I can always get a new one.""']",0,A,0,A,0,A,0,A,0,A,0
"[""“I can’t believe you did this, I don't want to be friends anymore”"", '“I heard you said bad things about me behind my back, can we have an honest conversation about why?”', '“I want to talk about what you said behind my back, and I hope we can solve the problem”', '“I don’t care about what you said about me, I know who I really am”']",1,b,1,b,1,b,1,b,1,b,1
"['""Thank you for your honest feedback How about we order some food you like to eat?""', '""I\'m sorry to hear that, what do you not like about it?""', '""I spent a long time making it, so I appreciate your honesty""', '""I appreciate your feedback, but I did spend a lot of time on it""']",1,b,1,b,1,b,1,b,1,b,1
"['""I didn\'t expect you to understand my dreams""', '""I\'m sorry you feel this way, but this is what makes me happy""', '""You\'re right, I\'m ruining my future, aren\'t I?""', '""I\'m sorry, but please believe in me, just like I do, and I will do better than you did""']",1,b,1,b,1,b,1,b,1,b,1
"['""I guess the only fair way is for me to scratch yours""', '""It\'s alright, mistakes happen. Please get it repaired""', '""I knew it was you, I can\'t trust you with anything""', '""That\'s okay, please don\'t mind, as I don\'t need a friend like you""']",1,b,1,b,1,b,1,b,1,b,1
"['“I love how you shower me with compliments and it makes me sad”', '“Really? I never realized that before”', '“That’s not fair, I’m going through a rough time”', '“Thank you for pointing this out, I will try my best to improve.”']",3,d,3,d,3,d,3,d,3,d,3
"['""I thought it was just a game, not a battle to death""', '""Maybe if you would explain the strategies better""', '""I\'m sorry. I\'ll try to improve my skills so we can win""', '""Well, you\'re not exactly a pro either""']",3,C,2,C,2,C,2,C,2,C,2
"['""That\'s exciting! you should take me with you!""', '""I can\'t believe you are leaving me for a job""', '""I am happy for you. This must be so exciting for you!""', '""Are you sure about this? I thought you didn\'t like change""']",2,C,2,C,2,C,2,C,2,C,2
"['""I can\'t believe you\'ve done this, our friendship is over""', '""I appreciate your honesty. That hurts me a lot but can we talk about this?""', '""While I\'m very hurt by this, I would want to talk about why you would do this""', '""You have violated my trust, but I am willing to forgive you if it won\'t happen again.""']",2,b,1,b,1,b,1,b,1,b,1
"['""You know, I\'ve been planning to surprise you guys for a while now. Guess the surprise is ruined.""', '""Mom, I understand how you feel. My studies are demanding right now, but I promise I\'ll make it up to you once it eases a bit.""', '""I apologize, Mom. I didn\'t realize how caught up I was. I appreciate your understanding, and I\'ll visit you next weekend.""', '""I\'m sorry mom, I promise I will take a break soon and come visit to make you guys happy""']",1,C,2,C,2,C,2,C,2,C,2
"['""That was a low blow, you should apologize right now!""', '""It\'s funny because it\'s true""', '""I think you should become a stand-up comedian', '""I am aware of my weight, you don\'t need to embarrass me in front of everyone""']",3,d,3,d,3,d,3,d,3,d,3
"['""I forgot to ask for your stylist, since she\'s probably much better""', '""Well, I like it and that\'s what matters""', '""I appreciate your honesty, I was unsure about it myself""', '""I appreciate your honesty, but I really like it""']",3,c,2,d,3,d,3,d,3,d,3
"['""I know what you\'re going through. Don\'t forget It\'s just a dog""', '""We should probably put him down to avoid his pain""', '""That\'s awful. Let\'s adopt another one so it\'s easier to cope""', '""I\'m here for you during this trying time""']",3,d,3,d,3,d,3,d,3,d,3
"['""You\'re just jealous because you\'re single""', '""Our friendship should be strong enough to survive this""', '""I am sorry if you felt that way, we\'ll figure this out""', '""Maybe you should try and get along with my girlfriend better""']",2,C,2,C,2,C,2,C,2,C,2
"['""Fine, both of you deserve each other!""', '""Wow, that\'s unexpected but I hope you\'re happy together""', '""Don\'t forget, she broke my heart. I don\'t know if I can be there for you if it happens to you""', '""This hurts me, but I hope she treats you better than she did me""']",1,d,3,d,3,d,3,d,3,d,3
"['""I appreciate the invite but I can\'t make it. Hope you guys have fun!""', '""Well, have fun with your friends and I\'ll have fun with mine""', '""That sounds fun, I hope you\'ll have a great time""', '""I see! Well, pity that I didn\'t come to mind""']",2,c,2,c,2,c,2,c,2,c,2
"['""Wow, I wish I was as smart as you""', '""That\'s great, must be nice to be so successful""', '""I\'m really happy for you, but could we talk about something else?""', '""Well, I guess you\'re just better than me in every way""']",2,C,2,C,2,C,2,C,2,C,2
"['""I\'m sorry but I broke your toy, it was an accident""', '""Your toy is gone, they usually go away as you grow up""', '""You don\'t need to be sad about your toy, I can buy you more""', '""Hey, I noticed something happened to your toy; I think it needs fixing.""']",0,d,3,d,3,d,3,d,3,d,3
"['""I value your opinion, but I\'m happy with my partner""', '""Why can\'t you just be happy for me?""', '""I think you\'re just judging a book by its cover as always""', '""You need to understand that everyone has their own taste and preference""']",0,d,3,d,3,d,3,d,3,d,3
"['""Of course, I can afford it! Tell me how much money you need""', '""I\'ve been tight on money lately, maybe you can try to get a loan from the bank first""', '""Let\'s first take a look at your business plan together""', '""We can do this together and I can provide you with some business experience.”']",2,C,2,C,2,C,2,C,2,C,2
"['“Alright, I think it’s time to move out of this place”', '“I understand, I’ll start looking for a place to move out”', '“Thank you for the advice, I’ll find a job as soon as possible and move out so you have more space”', '“How much space do you think is satisfactory to you?”']",1,C,2,C,2,C,2,C,2,C,2
"['See a doctor about this issue', ""Don't go to the location"", 'Just get through it', 'Find alternative travel arrangements']",3,d,3,d,3,d,3,d,3,d,3
"['Carefully consider his options and discuss it with his family', 'Talk to his boss or the management about it', 'Accept the situation, retire, and start looking for a new job', 'Go for early retirement and start his side business']",0,c,2,c,2,c,2,c,2,c,2
"['Enjoy being a full-time mom', 'Invite her workmates to babysit her baby with her', 'Join a playgroup or social group of new mothers', 'See if she can get back to her full-time position']",2,c,2,c,2,c,2,c,2,c,2
"['Speak to his boss about his heavier workload', 'Ask his boss to give others similar levels of workload', 'Be proud of his unique skills and continue working', 'Discuss with his workmates about their lighter workload']",0,a,0,a,0,a,0,a,0,a,0
"['Have fun with his friends during and outside of work hours', 'Concentrate on doing his work well at the new job', 'Make an effort to know people and be friendly', 'Leave the job and find one with a better environment']",2,C,2,C,2,C,2,C,2,C,2
"['Organize a pre-presentation session to familiarize the seniors with her area of work', 'Ask for someone more knowledgeable in her area to present her work instead', 'Work on her presentation, simplifying the explanations', 'Practice her presentation by speaking with people knowledgeable about her research']",2,C,2,C,2,C,2,C,2,C,2
"['Set aside a certain amount of time each week to play water polo, and spend the remaining time on classes', 'Choose an alternative sport that takes less time', 'Find a full-time job to pay for courses', 'Find out about sporting scholarships or bursaries']",0,d,3,d,3,d,3,d,3,d,3
"['Focus on his life outside the university', 'Study hard and attend all the lectures', 'Talk to others in his situation', 'Realize he has more life experience than the younger students']",1,d,3,d,3,d,3,d,3,d,3
"['Put things in perspective - it is not the end of the world', 'Use some acting techniques to calm his nerves', 'Believe in himself and know it will be fine', 'Practice his scenes more so that he will act well']",2,C,2,C,2,C,2,C,2,C,2
"['Find out what is happening and accept his fate', 'Try to keep the company afloat by working harder', 'Start applying for other jobs', 'Wait for an official announcement before taking any action']",2,C,2,C,2,C,2,C,2,C,2
"['Join in on the gatherings to make new friends at work', 'Talk to her workmates, try to create social contacts and make friends', 'Start looking for a new job so she can leave that environment', 'Just give it time, and things will be okay']",1,d,3,d,3,d,3,d,3,d,3
"['Drop out of college to focus on his work and earn more money', 'Quit his part-time job to focus on his education and get his degree', 'Create a detailed schedule to better manage his time', 'Ignore the stress and carry on as it is']",2,C,2,C,2,C,2,C,2,C,2
"['Discuss with the community and seek for their support', 'Look for another community that will appreciate her qualities', 'Speak openly to her classmates about her desires and ask for advice', ""Start asserting herself more in community activities to change people's perceptions.""]",3,d,3,d,3,d,3,d,3,d,3
"['Join in on the gossip to fit in', 'Approach her coworkers first and discuss this problem', 'Talk to her supervisor about the situation', 'Stay involved in the group and not participate in the gossip']",1,c,2,c,2,c,2,c,2,c,2
"['Implement training sessions to improve teamwork and communication skills', 'Implement a new project management tool to track progress', 'Organize an online meeting to discuss and communicate the shortcomings and find a solution together', 'Delegate his management responsibilities to a team member so he can focus on the tasks at hand']",0,c,2,c,2,c,2,c,2,c,2
"['Proceed with the project with the risk of making mistakes', 'Request her supervisor to reassess the situation', 'Lean on other team members to help shape the path forward', 'Refuse to lead the project due to uncertainty']",1,d,3,d,3,d,3,d,3,d,3
"['Proceed and try to accomplish the task on his own', 'Admit his lack of understanding and ask his supervisor for help', 'Find a labmate who can help him understand the task', 'Take the task lightly and hope for the best']",2,b,1,b,1,b,1,b,1,b,1
"['Ignore the email and proceed with other project', 'Reply to the email explaining the possible misunderstanding', 'Reply to the email explaining that they do not understand the project', 'Use this criticism to enhance the project']",1,d,3,d,3,d,3,d,3,d,3
"['Confront the coworker about the pay discrepancy', ""Go to her boss' office and fight for justice, as she deserves a higher pay"", 'Continue the job as it is and accept the pay difference', 'Schedule a time and discuss the matter with her boss']",3,d,3,d,3,d,3,d,3,d,3
"['Accept this invitation as he is unsure of his performance', 'Spend time practicing and honing his public speaking skills', 'Have someone else prepare the speech for him and practice it himself', 'Present with less preparation to make it natural and sincere']",1,b,1,b,1,b,1,b,1,b,1
"['Find and socialize with new friends that hold equal positions as him', 'Maintain the same level of social interaction but exercise authority when he wants', 'Favor his friends at work to maintain the relationship', 'Keep professional matters strictly in the office and social matters outside']",3,d,3,d,3,d,3,d,3,d,3
"[""Decide not to contribute to the group's ideas and follow their lead"", 'Confront the teammate and convince him to accept his ideas', ""Try to understand the teammate's point of view and find a compromise"", 'Talk to the professor about the teammate’s behavior']",2,C,2,C,2,C,2,C,2,C,2
"['Take a part-time job or an internship before she graduates', 'Continue to seek for a full-time position and she will end up finding one', 'Consider post-graduate education for additional training', 'Reassess her job search strategy and improve her application materials']",3,d,3,d,3,d,3,d,3,d,3
"['Reject the job offer and stay with her friends', 'Accept the job and make new friends in the new city', 'Try discussing with her friends the situation she is facing now', 'Accept the job, visit her friends often in her current city']",2,d,3,d,3,d,3,d,3,d,3
"['Look for and attend social gatherings that are a part of the conference', 'Take breaks in between sessions and utilize the coffee break areas provided to strike up conversations with new people', 'Start by joining some smaller group discussions or workshops and meeting people there', 'Attend events with his labmates and try to meet new people through them, expanding his network step by step']",2,c,2,c,2,c,2,c,2,c,2
"['“Nevertheless, I will continue to work hard in my new job”', '“It’s okay, I will continue to work hard”', '“It’s always the unworthy people who get promotions”', '“I understand, I think I didn\'t put enough effort""']",1,d,3,d,3,d,3,d,3,d,3
"['“You could have told me privately, it’s really unnecessary”', '“I promise I won’t make the same mistake again, thank you for pointing it out”', '“Thank you for pointing out my mistake in front of so many people and helping me improve”', '“Everyone makes mistakes, I will try to correct it when I have time.”']",1,b,1,b,1,b,1,b,1,b,1
"['""You have no right to talk to me like that""', '""Is there something bothering you? You seem upset""', '""I don\'t think it\'s healthy to continue working together""', '""I\'m sorry but I have to report you for this behavior""']",1,b,1,b,1,b,1,b,1,b,1
"['""I studied all night and this is what I got""', '""Grades aren\'t everything, I know I understand the material""', '""I\'m really disappointed in myself, how did I perform worse than you guys?""', '""Wow, you guys did really well, congrats!""']",3,d,3,d,3,d,3,d,3,d,3
"['I understand, I will study hard by myself""', '""Now I have to find someone else, it\'s all your fault""', '""This is a difficult situation, we can work together to avoid this situation in the future""', '""It\'s okay, I completely understand. I guess I’ll fail the class tomorrow too”']",2,C,2,C,2,C,2,C,2,C,2
"['""Congratulations, can we discuss something else?""', '""I\'m happy for you, maybe you can give me some tips for the next one?""', '""Great, as if I didn\'t feel bad enough already!""', '""I worked really hard too, but didn\'t get my desired score.""']",1,C,2,C,2,C,2,C,2,C,2
"['""I\'m sorry for that, have you considered buying earplugs?""', '""I\'m sorry I didn\'t notice, I\'ll try to be more considerate""', '""I\'m sorry, if you don\'t like this song, I can always change to a better one""', '""I understand, I feel like the library would be a better place to study""']",1,b,1,b,1,b,1,b,1,b,1
"['""I thought I was more qualified, but congratulations!""', '""How did you manage to get the promotion?""', '""That\'s great for you! Congratulations on the promotion""', '""Although I wish I could get this position, I\'m happy for you. Let\'s work hard together.""']",3,C,2,C,2,C,2,C,2,C,2
"['""I don\'t need this job, I can find better opportunities""', '""Well, I should have known better, I should\'ve put more effort into it""', '""I need to ask for feedback so I can make improvements next time""', '""I\'m not surprised, I knew my ideas were too good for here""']",2,C,2,C,2,C,2,C,2,C,2
"['""I generally use the same tactics and have never received any complaints before""', '""I sincerely apologize. I will make the necessary changes and updates to make it more comprehensive""', '""I\'m sorry you feel that way, can we talk about this when you have time?""', '""Thank you for your suggestion. I think there are some issues with your feedback""']",2,b,1,b,1,b,1,b,1,b,1
"['""This is completely unfair. Work should not take away from an employee\'s personal time""', '""I\'m really sorry, but I haven\'t been feeling well lately and I\'d like to take a day off if possible""', '""I understand the situation. Can we find a compromise?""', '""I\'m very sorry. Can you adjust your working hours or assign them to other colleagues? Thank you for your understanding""']",2,C,2,C,2,C,2,C,2,C,2
"['""I don\'t think I can finish this on time""', '""It\'s going to be a challenge, but I\'ll prioritize it and try my best""', '""Of course, even if I have to pull an all-nighter""', '""I think it might be a bit difficult. Is there anyone else that can help?""']",3,b,1,b,1,b,1,b,1,b,1
"['""Unfortunately, my work is demanding. I can\'t help it if I\'m busy.""', '""I apologize that you feel neglected but I hope you understand that I have responsibilities.""', '""I\'m sorry. I have been swamped with work lately. Let\'s try matching our schedules, shall we?""', '""Why don\'t you find other people to join?""']",2,c,2,c,2,c,2,c,2,c,2
"['""Don\'t overreact. It\'s just a game.""', '""I\'m sorry, I\'ll make sure to be more careful next time""', '""We play just for fun. No need to get angry.""', '""I think you can tell me instead of yellling. We are a team and we should support each other""']",3,d,3,d,3,d,3,d,3,d,3
"['""While I appreciate your input, the division of work has been made and I am working hard on my part""', '""That\'s an interesting perspective. I believe I\'ve put in a substantial amount of work on this project.""', '""I\'m sorry you feel that way, I\'ve been doing my best, so I think you can appreciate my effort""', '""We can discuss your thoughts in detail after the meeting to work out a solution""']",0,c,2,c,2,c,2,c,2,c,2
"['""Can\'t I just keep attending the class? I am shy to speak""', '""Can I contribute in other ways than being active in class?""', '""You must be mistaken, I always contribute""', '""I guess I\'ll try to speak more despite being shy""']",1,d,3,d,3,d,3,d,3,d,3
"['""Making mistakes is fine but putting your mistakes onto others is not""', '""That is not right. I believe that part was your responsibility""', '""Let\'s go through the situation together again to clarify the misunderstanding""', '""Well, I wasn\'t the one who made the mistake""']",2,c,2,c,2,c,2,c,2,c,2
"['""Could you please credit me for the work?""', '""Great point, but I have some additional input that I would like to say""', '""It\'s best to let me speak instead of you speaking over me""', '""Well, it seems like you have all the answers, so why are we even here?""']",1,c,2,c,2,c,2,c,2,c,2
"['""If you don\'t like me, you should say it straight to my face""', '""Why would you do such a thing? Have I done something wrong?""', '""I guess it\'s only fair if I make some rumors about you and we\'re even""', '""That was out of line. If you have any problems with me, you can bring it up to me and we can figure things out""']",3,d,3,d,3,d,3,d,3,d,3
"['""This is not fair, I need hours to pay my bills""', '""Thank you for the notice, but is there a workaround to this? I can\'t afford to lose the money.""', '""I understand, is there any way that I can pick up some more extra shifts?""', '""Thank you for informing me, I\'ll adjust my schedule accordingly.""']",2,d,3,d,3,d,3,d,3,d,3
"['""Thank you for your comments However, I think there might be some misunderstandings that we could clarify""', '""Oh, thank you for giving your insights. Fortunately, I think they don\'t apply to my situation""', '""Thank you, I really appreciate your feedback I\'ll work on what you pointed out""', '""I see! I appreciate your input I think I did my best and I liked the presentation, but I will work on your comments""']",0,C,2,C,2,C,2,C,2,C,2
"['""We appreciate your feedback, is there any chance we could discuss further?""', '""Can we ask for feedback from a person who listened to the presentation?""', '""Thank you, we really appreciate your feedback. We\'ll work on what you pointed out.""', '""We don\'t think you fully understood our presentation""']",0,c,2,c,2,c,2,c,2,c,2
"['""Thanks for your input. If anyone else has feedback or suggestions for improvements, I\'d welcome them as well""', '""Thank you, Gary, for your positive feedback in the meeting. It means a lot to me""', '""Thank you for your feedback. Our earlier discussion gave me a different impression. Can we go over these points again?""', '""I appreciate your feedback. Can we discuss this in more detail after the meeting so I can understand your concerns better?']",2,C,2,C,2,C,2,C,2,C,2
"['""Hey, could you guys cover the parts I\'m responsible for, I\'ve been really busy recently""', '""I\'m so sorry, I\'ve been really busy with other projects and didn\'t have time to complete it""', '""I can just join another team if you guys feel that\'s the best option""', '""I have prioritized the other projects, so I will get to my parts when I\'m done with those""']",1,C,2,C,2,C,2,C,2,C,2
